## Better leaving these input at the beginning... so they will be inserted as first values into tables
## Roll on version
INSERT INTO `phpbb_config` (`config_name`, `config_value`) VALUES ('version', '1.0.0');

## `phpbb_bots`
##

INSERT INTO `phpbb_bots` (`bot_name`, `bot_color`, `bot_agent`, `bot_ip`) VALUES ('Yahoo! Slurp', '<b style="color:#d22;">Yahoo!</b><b style="color:#24b;"> Slurp</b>', 'Yahoo! Slurp', '66.106, 68.142, 72.30, 74.6, 202.160.180');
INSERT INTO `phpbb_bots` (`bot_name`, `bot_color`, `bot_agent`, `bot_ip`) VALUES ('Google', '<b style="color:#24b;">G</b><b style="color:#d22;">o</b><b style="color:#eb0;">o</b><b style="color:#24b;">g</b><b style="color:#393;">l</b><b style="color:#d22;">e</b>', 'Googlebot', '66.249');
INSERT INTO `phpbb_bots` (`bot_name`, `bot_color`, `bot_agent`, `bot_ip`) VALUES ('MSN', '<b style="color:#468;">MSN</b>', 'msnbot/', '207.66.146, 207.46, 65.54.188, 65.54.246, 65.54.165, 65.55.210, 65.55.213');
INSERT INTO `phpbb_bots` (`bot_name`, `bot_color`, `bot_agent`, `bot_ip`) VALUES ('Bing', '<b style="color:#468;">Bing</b>', 'bingbot/', '');
INSERT INTO `phpbb_bots` (`bot_name`, `bot_color`, `bot_agent`, `bot_ip`) VALUES ('LiveBot', '<b style="color:#468;">LiveBot</b>', 'LiveBot', '');
INSERT INTO `phpbb_bots` (`bot_name`, `bot_color`, `bot_agent`, `bot_ip`) VALUES ('AdsBot [Google]', '', 'AdsBot-Google', '');
INSERT INTO `phpbb_bots` (`bot_name`, `bot_color`, `bot_agent`, `bot_ip`) VALUES ('Google Adsense', '<b style="color:#24b;">G</b><b style="color:#d22;">o</b><b style="color:#eb0;">o</b><b style="color:#24b;">g</b><b style="color:#393;">l</b><b style="color:#d22;">e</b><b style="color:#d22;"> Adsense</b>', 'Mediapartners-Google', '');
INSERT INTO `phpbb_bots` (`bot_name`, `bot_color`, `bot_agent`, `bot_ip`) VALUES ('Yahoo! DE Slurp', '<b style="color:#d22;">Yahoo!</b><b style="color:#24b;"> DE Slurp</b><b style="color:#888;"> [Bot]</b>', 'Yahoo! DE Slurp', '');
INSERT INTO `phpbb_bots` (`bot_name`, `bot_color`, `bot_agent`, `bot_ip`) VALUES ('Yahoo MMCrawler', '<b style="color:#d22;">Yahoo!</b><b style="color:#24b;"> MMCrawler</b>', 'Yahoo-MMCrawler/', '');
INSERT INTO `phpbb_bots` (`bot_name`, `bot_color`, `bot_agent`, `bot_ip`) VALUES ('YahooSeeker', '', 'YahooSeeker/', '');
INSERT INTO `phpbb_bots` (`bot_name`, `bot_color`, `bot_agent`, `bot_ip`) VALUES ('Google Desktop', '<b style="color:#24b;">G</b><b style="color:#d22;">o</b><b style="color:#eb0;">o</b><b style="color:#24b;">g</b><b style="color:#393;">l</b><b style="color:#d22;">e</b><b style="color:#d22;"> Desktop</b>', 'Google Desktop', '');
INSERT INTO `phpbb_bots` (`bot_name`, `bot_color`, `bot_agent`, `bot_ip`) VALUES ('Google Feedfetcher', '<b style="color:#24b;">G</b><b style="color:#d22;">o</b><b style="color:#eb0;">o</b><b style="color:#24b;">g</b><b style="color:#393;">l</b><b style="color:#d22;">e</b><b style="color:#d22;"> Feedfetcher</b>', 'Feedfetcher-Google', '72.14.199');
INSERT INTO `phpbb_bots` (`bot_name`, `bot_color`, `bot_agent`, `bot_ip`) VALUES ('MSN NewsBlogs', '<b style="color:#468;">MSN NewsBlogs</b>', 'msnbot-NewsBlogs/', '');
INSERT INTO `phpbb_bots` (`bot_name`, `bot_color`, `bot_agent`, `bot_ip`) VALUES ('MSNbot Media', '<b style="color:#468;">MSNbot Media</b>', 'msnbot-media/', '');
INSERT INTO `phpbb_bots` (`bot_name`, `bot_color`, `bot_agent`, `bot_ip`) VALUES ('Alexa', '', 'ia_archiver', '207.209.238');
INSERT INTO `phpbb_bots` (`bot_name`, `bot_color`, `bot_agent`, `bot_ip`) VALUES ('Alta Vista', '', 'Scooter/', '');
INSERT INTO `phpbb_bots` (`bot_name`, `bot_color`, `bot_agent`, `bot_ip`) VALUES ('AllTheWeb', '', 'alltheweb', '');
INSERT INTO `phpbb_bots` (`bot_name`, `bot_color`, `bot_agent`, `bot_ip`) VALUES ('Archive ORG BOT', '', 'www.archive.org/', '');
INSERT INTO `phpbb_bots` (`bot_name`, `bot_color`, `bot_agent`, `bot_ip`) VALUES ('Arianna', '', 'www.arianna.it', '');
INSERT INTO `phpbb_bots` (`bot_name`, `bot_color`, `bot_agent`, `bot_ip`) VALUES ('Ask Jeeves', '', 'Ask Jeeves', '65.214.44');
INSERT INTO `phpbb_bots` (`bot_name`, `bot_color`, `bot_agent`, `bot_ip`) VALUES ('Ask Jeeves', '', 'teoma', '');
INSERT INTO `phpbb_bots` (`bot_name`, `bot_color`, `bot_agent`, `bot_ip`) VALUES ('Baidu [Spider]', '', 'Baiduspider', '');
INSERT INTO `phpbb_bots` (`bot_name`, `bot_color`, `bot_agent`, `bot_ip`) VALUES ('Become', '', 'BecomeBot/', '');
INSERT INTO `phpbb_bots` (`bot_name`, `bot_color`, `bot_agent`, `bot_ip`) VALUES ('Bloglines', '', 'Bloglines/', '');
INSERT INTO `phpbb_bots` (`bot_name`, `bot_color`, `bot_agent`, `bot_ip`) VALUES ('Charlotte', '', 'Charlotte/1.1', '');
INSERT INTO `phpbb_bots` (`bot_name`, `bot_color`, `bot_agent`, `bot_ip`) VALUES ('DotBot', '', 'dotnetdotcom.org/', '');
INSERT INTO `phpbb_bots` (`bot_name`, `bot_color`, `bot_agent`, `bot_ip`) VALUES ('eBay', '', '', '212.222.51');
INSERT INTO `phpbb_bots` (`bot_name`, `bot_color`, `bot_agent`, `bot_ip`) VALUES ('eDintorni Crawler', '', 'eDintorni', '');
INSERT INTO `phpbb_bots` (`bot_name`, `bot_color`, `bot_agent`, `bot_ip`) VALUES ('Exabot', '', 'Exabot/', '');
INSERT INTO `phpbb_bots` (`bot_name`, `bot_color`, `bot_agent`, `bot_ip`) VALUES ('Ezooms', '', 'Ezooms/', '');
INSERT INTO `phpbb_bots` (`bot_name`, `bot_color`, `bot_agent`, `bot_ip`) VALUES ('FAST Enterprise [Crawler]', '', 'FAST Enterprise Crawler', '');
INSERT INTO `phpbb_bots` (`bot_name`, `bot_color`, `bot_agent`, `bot_ip`) VALUES ('FAST WebCrawler [Crawler]', '', 'FAST-WebCrawler/', '');
INSERT INTO `phpbb_bots` (`bot_name`, `bot_color`, `bot_agent`, `bot_ip`) VALUES ('FeedBurner', '', 'FeedBurner/', '');
INSERT INTO `phpbb_bots` (`bot_name`, `bot_color`, `bot_agent`, `bot_ip`) VALUES ('Feedreader', '', 'Feedreader', '');
INSERT INTO `phpbb_bots` (`bot_name`, `bot_color`, `bot_agent`, `bot_ip`) VALUES ('Francis', '', 'http://www.neomo.de/', '');
INSERT INTO `phpbb_bots` (`bot_name`, `bot_color`, `bot_agent`, `bot_ip`) VALUES ('Gigablast', '', '', '66.154.102, 66.154.103');
INSERT INTO `phpbb_bots` (`bot_name`, `bot_color`, `bot_agent`, `bot_ip`) VALUES ('Gigabot', '', 'Gigabot/', '');
INSERT INTO `phpbb_bots` (`bot_name`, `bot_color`, `bot_agent`, `bot_ip`) VALUES ('Heise IT-Markt [Crawler]', '', 'heise-IT-Markt-Crawler', '');
INSERT INTO `phpbb_bots` (`bot_name`, `bot_color`, `bot_agent`, `bot_ip`) VALUES ('Heritrix [Crawler]', '', 'heritrix/1.', '');
INSERT INTO `phpbb_bots` (`bot_name`, `bot_color`, `bot_agent`, `bot_ip`) VALUES ('JetBot', '', 'Jetbot', '');
INSERT INTO `phpbb_bots` (`bot_name`, `bot_color`, `bot_agent`, `bot_ip`) VALUES ('Jike Spider', '', 'jikespider', '');
INSERT INTO `phpbb_bots` (`bot_name`, `bot_color`, `bot_agent`, `bot_ip`) VALUES ('IBM Research', '', 'ibm.com/cs/crawler', '');
INSERT INTO `phpbb_bots` (`bot_name`, `bot_color`, `bot_agent`, `bot_ip`) VALUES ('ICCrawler - ICjobs', '', 'ICCrawler - ICjobs', '');
INSERT INTO `phpbb_bots` (`bot_name`, `bot_color`, `bot_agent`, `bot_ip`) VALUES ('ichiro [Crawler]', '', 'ichiro/2', '');
INSERT INTO `phpbb_bots` (`bot_name`, `bot_color`, `bot_agent`, `bot_ip`) VALUES ('IEAutoDiscovery', '', 'IEAutoDiscovery', '');
INSERT INTO `phpbb_bots` (`bot_name`, `bot_color`, `bot_agent`, `bot_ip`) VALUES ('Indy Library', '', 'Indy Library', '');
INSERT INTO `phpbb_bots` (`bot_name`, `bot_color`, `bot_agent`, `bot_ip`) VALUES ('Infoseek', '', 'Infoseek', '');
INSERT INTO `phpbb_bots` (`bot_name`, `bot_color`, `bot_agent`, `bot_ip`) VALUES ('Inktomi', '', '', '66.94.229, 66.228.165');
INSERT INTO `phpbb_bots` (`bot_name`, `bot_color`, `bot_agent`, `bot_ip`) VALUES ('LookSmart', '', 'MARTINI', '');
INSERT INTO `phpbb_bots` (`bot_name`, `bot_color`, `bot_agent`, `bot_ip`) VALUES ('Lycos', '', 'Lycos', '');
INSERT INTO `phpbb_bots` (`bot_name`, `bot_color`, `bot_agent`, `bot_ip`) VALUES ('Magpie Crawler', '', 'www.brandwatch.net', '');
INSERT INTO `phpbb_bots` (`bot_name`, `bot_color`, `bot_agent`, `bot_ip`) VALUES ('MagpieRSS', '', 'MagpieRSS', '');
INSERT INTO `phpbb_bots` (`bot_name`, `bot_color`, `bot_agent`, `bot_ip`) VALUES ('Majestic-12', '', 'MJ12bot/', '');
INSERT INTO `phpbb_bots` (`bot_name`, `bot_color`, `bot_agent`, `bot_ip`) VALUES ('Metager', '', 'MetagerBot/', '');
INSERT INTO `phpbb_bots` (`bot_name`, `bot_color`, `bot_agent`, `bot_ip`) VALUES ('Microsoft Research', '', 'MSRBOT', '');
INSERT INTO `phpbb_bots` (`bot_name`, `bot_color`, `bot_agent`, `bot_ip`) VALUES ('Netvibes', '', 'Netvibes', '');
INSERT INTO `phpbb_bots` (`bot_name`, `bot_color`, `bot_agent`, `bot_ip`) VALUES ('NewsGatorOnline', '', 'NewsGatorOnline/', '');
INSERT INTO `phpbb_bots` (`bot_name`, `bot_color`, `bot_agent`, `bot_ip`) VALUES ('NG-Search', '', 'NG-Search/', '');
INSERT INTO `phpbb_bots` (`bot_name`, `bot_color`, `bot_agent`, `bot_ip`) VALUES ('Noxtrum [Crawler]', '', 'noxtrumbot', '');
INSERT INTO `phpbb_bots` (`bot_name`, `bot_color`, `bot_agent`, `bot_ip`) VALUES ('Nutch', '', 'http://lucene.apache.org/nutch/', '');
INSERT INTO `phpbb_bots` (`bot_name`, `bot_color`, `bot_agent`, `bot_ip`) VALUES ('Nutch/CVS', '', 'NutchCVS/', '');
INSERT INTO `phpbb_bots` (`bot_name`, `bot_color`, `bot_agent`, `bot_ip`) VALUES ('Omgili', '', 'omgilibot/0.3', '');
INSERT INTO `phpbb_bots` (`bot_name`, `bot_color`, `bot_agent`, `bot_ip`) VALUES ('OmniExplorer', '', 'OmniExplorer_Bot/', '65.19.150');
INSERT INTO `phpbb_bots` (`bot_name`, `bot_color`, `bot_agent`, `bot_ip`) VALUES ('Online link [Validator]', '', 'online link validator', '');
INSERT INTO `phpbb_bots` (`bot_name`, `bot_color`, `bot_agent`, `bot_ip`) VALUES ('P3W Bot', '', 'www.p3w.it', '');
INSERT INTO `phpbb_bots` (`bot_name`, `bot_color`, `bot_agent`, `bot_ip`) VALUES ('Perl Script', '', 'libwww-perl/', '');
INSERT INTO `phpbb_bots` (`bot_name`, `bot_color`, `bot_agent`, `bot_ip`) VALUES ('Pompos', '', '', '212.27.41');
INSERT INTO `phpbb_bots` (`bot_name`, `bot_color`, `bot_agent`, `bot_ip`) VALUES ('psbot [Picsearch]', '', 'psbot/0', '');
INSERT INTO `phpbb_bots` (`bot_name`, `bot_color`, `bot_agent`, `bot_ip`) VALUES ('Radian 6', '', 'www.radian6.com/', '');
INSERT INTO `phpbb_bots` (`bot_name`, `bot_color`, `bot_agent`, `bot_ip`) VALUES ('ScoutJet', '', 'http://www.scoutjet.com/', '');
INSERT INTO `phpbb_bots` (`bot_name`, `bot_color`, `bot_agent`, `bot_ip`) VALUES ('Seekport', '', 'Seekbot/', '');
INSERT INTO `phpbb_bots` (`bot_name`, `bot_color`, `bot_agent`, `bot_ip`) VALUES ('Sensis [Crawler]', '', 'Sensis Web Crawler', '');
INSERT INTO `phpbb_bots` (`bot_name`, `bot_color`, `bot_agent`, `bot_ip`) VALUES ('SEO Crawler [Crawler]', '', 'SEO search Crawler/', '');
INSERT INTO `phpbb_bots` (`bot_name`, `bot_color`, `bot_agent`, `bot_ip`) VALUES ('Seoma [Crawler]', '', 'Seoma', '');
INSERT INTO `phpbb_bots` (`bot_name`, `bot_color`, `bot_agent`, `bot_ip`) VALUES ('SEOSearch [Crawler]', '', 'SEOsearch/', '');
INSERT INTO `phpbb_bots` (`bot_name`, `bot_color`, `bot_agent`, `bot_ip`) VALUES ('Snap Bot', '', 'Snapbot/', '');
INSERT INTO `phpbb_bots` (`bot_name`, `bot_color`, `bot_agent`, `bot_ip`) VALUES ('Snappy', '', 'Snappy/', '');
INSERT INTO `phpbb_bots` (`bot_name`, `bot_color`, `bot_agent`, `bot_ip`) VALUES ('Snarfer', '', 'Snarfer/', '');
INSERT INTO `phpbb_bots` (`bot_name`, `bot_color`, `bot_agent`, `bot_ip`) VALUES ('Soso Spider', '', 'Sosospider', '');
INSERT INTO `phpbb_bots` (`bot_name`, `bot_color`, `bot_agent`, `bot_ip`) VALUES ('Speedy Spider', '', 'Speedy Spider', '');
INSERT INTO `phpbb_bots` (`bot_name`, `bot_color`, `bot_agent`, `bot_ip`) VALUES ('Steeler [Crawler]', '', 'http://www.tkl.iis.u-tokyo.ac.jp/~crawler/', '');
INSERT INTO `phpbb_bots` (`bot_name`, `bot_color`, `bot_agent`, `bot_ip`) VALUES ('Synoo', '', 'SynooBot/', '');
INSERT INTO `phpbb_bots` (`bot_name`, `bot_color`, `bot_agent`, `bot_ip`) VALUES ('Synthesio Crawler', '', 'synthesio', '');
INSERT INTO `phpbb_bots` (`bot_name`, `bot_color`, `bot_agent`, `bot_ip`) VALUES ('Telekom', '', 'crawleradmin.t-info@telekom.de', '');
INSERT INTO `phpbb_bots` (`bot_name`, `bot_color`, `bot_agent`, `bot_ip`) VALUES ('TurnitinBot', '', 'TurnitinBot/', '');
INSERT INTO `phpbb_bots` (`bot_name`, `bot_color`, `bot_agent`, `bot_ip`) VALUES ('Twiceler', '', 'Twiceler', '');
INSERT INTO `phpbb_bots` (`bot_name`, `bot_color`, `bot_agent`, `bot_ip`) VALUES ('Vik Spider', '', 'vikspider', '');
INSERT INTO `phpbb_bots` (`bot_name`, `bot_color`, `bot_agent`, `bot_ip`) VALUES ('Virgilio', '', '', '212.48.8');
INSERT INTO `phpbb_bots` (`bot_name`, `bot_color`, `bot_agent`, `bot_ip`) VALUES ('Voyager', '', 'voyager/1.0', '');
INSERT INTO `phpbb_bots` (`bot_name`, `bot_color`, `bot_agent`, `bot_ip`) VALUES ('Voila', '', 'VoilaBot', '195.101.94');
INSERT INTO `phpbb_bots` (`bot_name`, `bot_color`, `bot_agent`, `bot_ip`) VALUES ('W3 [Sitesearch]', '', 'W3 SiteSearch Crawler', '');
INSERT INTO `phpbb_bots` (`bot_name`, `bot_color`, `bot_agent`, `bot_ip`) VALUES ('W3C [Linkcheck]', '', 'W3C-checklink/', '');
INSERT INTO `phpbb_bots` (`bot_name`, `bot_color`, `bot_agent`, `bot_ip`) VALUES ('W3C [Validator]', '', 'W3C_', '');
INSERT INTO `phpbb_bots` (`bot_name`, `bot_color`, `bot_agent`, `bot_ip`) VALUES ('WangID Spider', '', 'WangIDSpider/', '');
INSERT INTO `phpbb_bots` (`bot_name`, `bot_color`, `bot_agent`, `bot_ip`) VALUES ('WikioFeedBot', '', 'WikioFeedBot', '');
INSERT INTO `phpbb_bots` (`bot_name`, `bot_color`, `bot_agent`, `bot_ip`) VALUES ('WiseNut', '', 'http://www.WISEnutbot.com', '');
INSERT INTO `phpbb_bots` (`bot_name`, `bot_color`, `bot_agent`, `bot_ip`) VALUES ('YaCy', '', 'yacybot', '');
INSERT INTO `phpbb_bots` (`bot_name`, `bot_color`, `bot_agent`, `bot_ip`) VALUES ('Yandex', '', 'Yandex/', '');
INSERT INTO `phpbb_bots` (`bot_name`, `bot_color`, `bot_agent`, `bot_ip`) VALUES ('YandexBot 3.0', '', 'yandex.com/bots', '');
INSERT INTO `phpbb_bots` (`bot_name`, `bot_color`, `bot_agent`, `bot_ip`) VALUES ('Yanga WorldSearch', '', 'Yanga WorldSearch Bot', '');

## `phpbb_cms_block_position`
##

INSERT INTO `phpbb_cms_block_position` (`bpid`, `pkey`, `bposition`, `layout`) VALUES (1, 'header', 'hh', 0);
INSERT INTO `phpbb_cms_block_position` (`bpid`, `pkey`, `bposition`, `layout`) VALUES (2, 'headerleft', 'hl', 0);
INSERT INTO `phpbb_cms_block_position` (`bpid`, `pkey`, `bposition`, `layout`) VALUES (3, 'headercenter', 'hc', 0);
INSERT INTO `phpbb_cms_block_position` (`bpid`, `pkey`, `bposition`, `layout`) VALUES (4, 'footercenter', 'fc', 0);
INSERT INTO `phpbb_cms_block_position` (`bpid`, `pkey`, `bposition`, `layout`) VALUES (5, 'footerright', 'fr', 0);
INSERT INTO `phpbb_cms_block_position` (`bpid`, `pkey`, `bposition`, `layout`) VALUES (6, 'footer', 'ff', 0);
INSERT INTO `phpbb_cms_block_position` (`bpid`, `pkey`, `bposition`, `layout`) VALUES (7, 'gheader', 'gh', 0);
INSERT INTO `phpbb_cms_block_position` (`bpid`, `pkey`, `bposition`, `layout`) VALUES (8, 'gfooter', 'gf', 0);
INSERT INTO `phpbb_cms_block_position` (`bpid`, `pkey`, `bposition`, `layout`) VALUES (9, 'ghtop', 'gt', 0);
INSERT INTO `phpbb_cms_block_position` (`bpid`, `pkey`, `bposition`, `layout`) VALUES (10, 'ghbottom', 'gb', 0);
INSERT INTO `phpbb_cms_block_position` (`bpid`, `pkey`, `bposition`, `layout`) VALUES (11, 'ghleft', 'gl', 0);
INSERT INTO `phpbb_cms_block_position` (`bpid`, `pkey`, `bposition`, `layout`) VALUES (12, 'ghright', 'gr', 0);
INSERT INTO `phpbb_cms_block_position` (`bpid`, `pkey`, `bposition`, `layout`) VALUES (13, 'left', 'l', 1);
INSERT INTO `phpbb_cms_block_position` (`bpid`, `pkey`, `bposition`, `layout`) VALUES (14, 'center', 'c', 1);
INSERT INTO `phpbb_cms_block_position` (`bpid`, `pkey`, `bposition`, `layout`) VALUES (15, 'right', 'r', 1);
INSERT INTO `phpbb_cms_block_position` (`bpid`, `pkey`, `bposition`, `layout`) VALUES (16, 'xsnews', 'x', 1);
INSERT INTO `phpbb_cms_block_position` (`bpid`, `pkey`, `bposition`, `layout`) VALUES (17, 'nav', 'n', 1);
INSERT INTO `phpbb_cms_block_position` (`bpid`, `pkey`, `bposition`, `layout`) VALUES (18, 'centerbottom', 'b', 1);
INSERT INTO `phpbb_cms_block_position` (`bpid`, `pkey`, `bposition`, `layout`) VALUES (19, 'left', 'l', 2);
INSERT INTO `phpbb_cms_block_position` (`bpid`, `pkey`, `bposition`, `layout`) VALUES (20, 'center', 'c', 2);
INSERT INTO `phpbb_cms_block_position` (`bpid`, `pkey`, `bposition`, `layout`) VALUES (21, 'xsnews', 'x', 2);
INSERT INTO `phpbb_cms_block_position` (`bpid`, `pkey`, `bposition`, `layout`) VALUES (22, 'nav', 'n', 2);
INSERT INTO `phpbb_cms_block_position` (`bpid`, `pkey`, `bposition`, `layout`) VALUES (23, 'centerbottom', 'b', 2);

## `phpbb_cms_block_settings`
##

INSERT INTO `phpbb_cms_block_settings` (`bs_id`, `user_id`, `name`, `content`, `blockfile`, `view`, `type`, `groups`, `locked`) VALUES(1, 0, 'Nav Links', '', 'nav_links', 0, 0, '', 1);
INSERT INTO `phpbb_cms_block_settings` (`bs_id`, `user_id`, `name`, `content`, `blockfile`, `view`, `type`, `groups`, `locked`) VALUES(2, 0, 'Welcome', '<table class="empty-table" width="100%" cellspacing="0" cellpadding="0" border="0">\r\n	<tr>\r\n		<td width="5%"><img src="images/icy_phoenix_small.png" alt="" /></td>\r\n		<td width="90%" align="center"><div class="post-text">Welcome To <b>Icy Phoenix</b></div><br /><br /></td>\r\n		<td width="5%"><img src="images/icy_phoenix_small_l.png" alt="" /></td>\r\n	</tr>\r\n</table>', '', 0, 0, '', 1);

## `phpbb_cms_block_variable`
##

INSERT INTO `phpbb_cms_block_variable` (`bvid`, `bid`, `label`, `sub_label`, `config_name`, `field_options`, `field_values`, `type`, `block`) VALUES (1, 0, 'Default Portal', 'Default Portal', 'default_portal', '', '', 1, '@Portal Config');
INSERT INTO `phpbb_cms_block_variable` (`bvid`, `bid`, `label`, `sub_label`, `config_name`, `field_options`, `field_values`, `type`, `block`) VALUES (2, 0, 'Header width', 'Width of forum-wide left column in pixels', 'header_width', '', '', 1, '@Portal Config');
INSERT INTO `phpbb_cms_block_variable` (`bvid`, `bid`, `label`, `sub_label`, `config_name`, `field_options`, `field_values`, `type`, `block`) VALUES (3, 0, 'Footer width', 'Width of forum-wide right column in pixels', 'footer_width', '', '', 1, '@Portal Config');

## `phpbb_cms_blocks`
##

INSERT INTO `phpbb_cms_blocks` (`bid`, `bs_id`, `block_cms_id`, `layout`, `layout_special`, `title`, `bposition`, `weight`, `active`, `border`, `titlebar`, `background`, `local`) VALUES(1, 1, 0, 1, 0, 'Nav Links', 'l', 1, 1, 0, 0, 0, 0);
INSERT INTO `phpbb_cms_blocks` (`bid`, `bs_id`, `block_cms_id`, `layout`, `layout_special`, `title`, `bposition`, `weight`, `active`, `border`, `titlebar`, `background`, `local`) VALUES(2, 2, 0, 1, 0, 'Welcome', 'c', 2, 1, 1, 1, 1, 1);

## `phpbb_cms_config`
##

INSERT INTO `phpbb_cms_config` (`id`, `bid`, `config_name`, `config_value`) VALUES (1, 0, 'default_portal', '1');
INSERT INTO `phpbb_cms_config` (`id`, `bid`, `config_name`, `config_value`) VALUES (2, 0, 'header_width', '180');
INSERT INTO `phpbb_cms_config` (`id`, `bid`, `config_name`, `config_value`) VALUES (3, 0, 'footer_width', '150');

## `phpbb_cms_layout`
##

INSERT INTO `phpbb_cms_layout` (`lid`, `name`, `filename`, `template`, `layout_cms_id`, `global_blocks`, `page_nav`, `config_vars`, `view`, `groups`) VALUES(1, '2 Columns', '', '2_column.tpl', 0, 0, 1, '', 0, '');


## `phpbb_config`
##

INSERT INTO `phpbb_config` (`config_name`, `config_value`) VALUES ('site_disable', '0');
INSERT INTO `phpbb_config` (`config_name`, `config_value`) VALUES ('sitename', 'yourdomain.com');
INSERT INTO `phpbb_config` (`config_name`, `config_value`) VALUES ('site_desc', 'Icy Phoenix Rocks!');
INSERT INTO `phpbb_config` (`config_name`, `config_value`) VALUES ('cookie_name', 'ip_cookie');
INSERT INTO `phpbb_config` (`config_name`, `config_value`) VALUES ('cookie_path', '/');
INSERT INTO `phpbb_config` (`config_name`, `config_value`) VALUES ('cookie_domain', '');
INSERT INTO `phpbb_config` (`config_name`, `config_value`) VALUES ('cookie_secure', '0');
INSERT INTO `phpbb_config` (`config_name`, `config_value`) VALUES ('session_length', '3600');
INSERT INTO `phpbb_config` (`config_name`, `config_value`) VALUES ('allow_bbcode', '1');
INSERT INTO `phpbb_config` (`config_name`, `config_value`) VALUES ('allow_smilies', '1');
INSERT INTO `phpbb_config` (`config_name`, `config_value`) VALUES ('allow_sig', '1');
INSERT INTO `phpbb_config` (`config_name`, `config_value`) VALUES ('enable_confirm', '1');
INSERT INTO `phpbb_config` (`config_name`, `config_value`) VALUES ('posts_per_page', '15');
INSERT INTO `phpbb_config` (`config_name`, `config_value`) VALUES ('topics_per_page', '50');
INSERT INTO `phpbb_config` (`config_name`, `config_value`) VALUES ('board_email_sig', 'Thanks, The Management');
INSERT INTO `phpbb_config` (`config_name`, `config_value`) VALUES ('board_email', 'youraddress@yourdomain.com');
INSERT INTO `phpbb_config` (`config_name`, `config_value`) VALUES ('smtp_delivery', '0');
INSERT INTO `phpbb_config` (`config_name`, `config_value`) VALUES ('smtp_host', '');
INSERT INTO `phpbb_config` (`config_name`, `config_value`) VALUES ('smtp_username', '');
INSERT INTO `phpbb_config` (`config_name`, `config_value`) VALUES ('smtp_password', '');
INSERT INTO `phpbb_config` (`config_name`, `config_value`) VALUES ('sendmail_fix', '0');
INSERT INTO `phpbb_config` (`config_name`, `config_value`) VALUES ('require_activation', '1');
INSERT INTO `phpbb_config` (`config_name`, `config_value`) VALUES ('flood_interval', '15');
INSERT INTO `phpbb_config` (`config_name`, `config_value`) VALUES ('board_email_form', '0');
INSERT INTO `phpbb_config` (`config_name`, `config_value`) VALUES ('smilies_path', 'images/smiles');
INSERT INTO `phpbb_config` (`config_name`, `config_value`) VALUES ('default_style', '1');
INSERT INTO `phpbb_config` (`config_name`, `config_value`) VALUES ('default_dateformat', 'D d M, Y H:i');
INSERT INTO `phpbb_config` (`config_name`, `config_value`) VALUES ('board_timezone', '0');
INSERT INTO `phpbb_config` (`config_name`, `config_value`) VALUES ('gzip_compress', '1');
INSERT INTO `phpbb_config` (`config_name`, `config_value`) VALUES ('server_name', 'www.mysite.com');
INSERT INTO `phpbb_config` (`config_name`, `config_value`) VALUES ('server_port', '80');
INSERT INTO `phpbb_config` (`config_name`, `config_value`) VALUES ('script_path', '/xs/');
INSERT INTO `phpbb_config` (`config_name`, `config_value`) VALUES ('default_time_mode', '0');
INSERT INTO `phpbb_config` (`config_name`, `config_value`) VALUES ('default_dst_time_lag', '60');
INSERT INTO `phpbb_config` (`config_name`, `config_value`) VALUES ('search_flood_interval', '15');
INSERT INTO `phpbb_config` (`config_name`, `config_value`) VALUES ('rand_seed', '0');
INSERT INTO `phpbb_config` (`config_name`, `config_value`) VALUES ('board_disable_message', 'Site disabled');
INSERT INTO `phpbb_config` (`config_name`, `config_value`) VALUES ('board_disable_mess_st', '1');
INSERT INTO `phpbb_config` (`config_name`, `config_value`) VALUES ('online_time', '60');
INSERT INTO `phpbb_config` (`config_name`, `config_value`) VALUES ('gzip_level', '9');
INSERT INTO `phpbb_config` (`config_name`, `config_value`) VALUES ('smilie_columns', '6');
INSERT INTO `phpbb_config` (`config_name`, `config_value`) VALUES ('smilie_rows', '6');
INSERT INTO `phpbb_config` (`config_name`, `config_value`) VALUES ('smilie_window_columns', '10');
INSERT INTO `phpbb_config` (`config_name`, `config_value`) VALUES ('smilie_single_row', '20');
INSERT INTO `phpbb_config` (`config_name`, `config_value`) VALUES ('smilie_window_rows', '10');
INSERT INTO `phpbb_config` (`config_name`, `config_value`) VALUES ('allow_autologin', '1');
INSERT INTO `phpbb_config` (`config_name`, `config_value`) VALUES ('max_autologin_time', '0');
INSERT INTO `phpbb_config` (`config_name`, `config_value`) VALUES ('visit_counter', '0');
INSERT INTO `phpbb_config` (`config_name`, `config_value`) VALUES ('use_captcha', '0');
INSERT INTO `phpbb_config` (`config_name`, `config_value`) VALUES ('url_rw', '0');
INSERT INTO `phpbb_config` (`config_name`, `config_value`) VALUES ('quote_iterations', '2');
INSERT INTO `phpbb_config` (`config_name`, `config_value`) VALUES ('email_notification_html', '1');
INSERT INTO `phpbb_config` (`config_name`, `config_value`) VALUES ('gd_version', '2');
INSERT INTO `phpbb_config` (`config_name`, `config_value`) VALUES ('show_img_no_gd', '0');
INSERT INTO `phpbb_config` (`config_name`, `config_value`) VALUES ('show_pic_size_on_thumb', '1');
INSERT INTO `phpbb_config` (`config_name`, `config_value`) VALUES ('thumbnail_quality', '75');
INSERT INTO `phpbb_config` (`config_name`, `config_value`) VALUES ('thumbnail_size', '400');
INSERT INTO `phpbb_config` (`config_name`, `config_value`) VALUES ('disable_html_guests', '0');
INSERT INTO `phpbb_config` (`config_name`, `config_value`) VALUES ('disable_email_error', '1');
INSERT INTO `phpbb_config` (`config_name`, `config_value`) VALUES ('logs_path', 'logs');
INSERT INTO `phpbb_config` (`config_name`, `config_value`) VALUES ('url_rw_guests', '0');
INSERT INTO `phpbb_config` (`config_name`, `config_value`) VALUES ('ajax_checks_register', '0');
INSERT INTO `phpbb_config` (`config_name`, `config_value`) VALUES ('inactive_users_memberlists', '0');
INSERT INTO `phpbb_config` (`config_name`, `config_value`) VALUES ('ajax_features', '0');
INSERT INTO `phpbb_config` (`config_name`, `config_value`) VALUES ('active_users_color', '#224455');
INSERT INTO `phpbb_config` (`config_name`, `config_value`) VALUES ('active_users_legend', '1');
INSERT INTO `phpbb_config` (`config_name`, `config_value`) VALUES ('bots_color', '#888888');
INSERT INTO `phpbb_config` (`config_name`, `config_value`) VALUES ('bots_legend', '1');
INSERT INTO `phpbb_config` (`config_name`, `config_value`) VALUES ('main_admin_id', '2');
INSERT INTO `phpbb_config` (`config_name`, `config_value`) VALUES ('last_user_id', '2');
INSERT INTO `phpbb_config` (`config_name`, `config_value`) VALUES ('write_errors_log', '0');
INSERT INTO `phpbb_config` (`config_name`, `config_value`) VALUES ('write_digests_log', '0');
INSERT INTO `phpbb_config` (`config_name`, `config_value`) VALUES ('bots_reg_auth', '0');
INSERT INTO `phpbb_config` (`config_name`, `config_value`) VALUES ('cron_global_switch', '0');
INSERT INTO `phpbb_config` (`config_name`, `config_value`) VALUES ('cron_lock', '0');
INSERT INTO `phpbb_config` (`config_name`, `config_value`) VALUES ('cron_lock_hour', '0');
INSERT INTO `phpbb_config` (`config_name`, `config_value`) VALUES ('cron_queue_interval', '0');
INSERT INTO `phpbb_config` (`config_name`, `config_value`) VALUES ('cron_queue_last_run', '0');
INSERT INTO `phpbb_config` (`config_name`, `config_value`) VALUES ('cron_digests_interval', '0');
INSERT INTO `phpbb_config` (`config_name`, `config_value`) VALUES ('cron_digests_last_run', '0');
INSERT INTO `phpbb_config` (`config_name`, `config_value`) VALUES ('cron_files_interval', '0');
INSERT INTO `phpbb_config` (`config_name`, `config_value`) VALUES ('cron_files_last_run', '0');
INSERT INTO `phpbb_config` (`config_name`, `config_value`) VALUES ('cron_database_interval', '0');
INSERT INTO `phpbb_config` (`config_name`, `config_value`) VALUES ('cron_database_last_run', '0');
INSERT INTO `phpbb_config` (`config_name`, `config_value`) VALUES ('cron_cache_interval', '0');
INSERT INTO `phpbb_config` (`config_name`, `config_value`) VALUES ('cron_cache_last_run', '0');
INSERT INTO `phpbb_config` (`config_name`, `config_value`) VALUES ('cron_sessions_interval', '0');
INSERT INTO `phpbb_config` (`config_name`, `config_value`) VALUES ('cron_sessions_last_run', '0');
INSERT INTO `phpbb_config` (`config_name`, `config_value`) VALUES ('cron_db_count', '0');
INSERT INTO `phpbb_config` (`config_name`, `config_value`) VALUES ('cron_db_show_begin_for', '');
INSERT INTO `phpbb_config` (`config_name`, `config_value`) VALUES ('cron_db_show_not_optimized', '0');
INSERT INTO `phpbb_config` (`config_name`, `config_value`) VALUES ('rand_seed_last_update', '0');
INSERT INTO `phpbb_config` (`config_name`, `config_value`) VALUES ('ads_glt', '0');
INSERT INTO `phpbb_config` (`config_name`, `config_value`) VALUES ('ads_glb', '0');
INSERT INTO `phpbb_config` (`config_name`, `config_value`) VALUES ('ads_glh', '0');
INSERT INTO `phpbb_config` (`config_name`, `config_value`) VALUES ('ads_glf', '0');
INSERT INTO `phpbb_config` (`config_name`, `config_value`) VALUES ('ads_fix', '0');
INSERT INTO `phpbb_config` (`config_name`, `config_value`) VALUES ('ads_fit', '0');
INSERT INTO `phpbb_config` (`config_name`, `config_value`) VALUES ('ads_fib', '0');
INSERT INTO `phpbb_config` (`config_name`, `config_value`) VALUES ('ads_vfx', '0');
INSERT INTO `phpbb_config` (`config_name`, `config_value`) VALUES ('ads_vft', '0');
INSERT INTO `phpbb_config` (`config_name`, `config_value`) VALUES ('ads_vfb', '0');
INSERT INTO `phpbb_config` (`config_name`, `config_value`) VALUES ('ads_vtx', '0');
INSERT INTO `phpbb_config` (`config_name`, `config_value`) VALUES ('ads_vtt', '0');
INSERT INTO `phpbb_config` (`config_name`, `config_value`) VALUES ('ads_vtb', '0');
INSERT INTO `phpbb_config` (`config_name`, `config_value`) VALUES ('ads_nmt', '0');
INSERT INTO `phpbb_config` (`config_name`, `config_value`) VALUES ('ads_nmb', '0');
INSERT INTO `phpbb_config` (`config_name`, `config_value`) VALUES ('adsense_code', '');
INSERT INTO `phpbb_config` (`config_name`, `config_value`) VALUES ('google_analytics', '');
INSERT INTO `phpbb_config` (`config_name`, `config_value`) VALUES ('thumbnail_highslide', '1');
INSERT INTO `phpbb_config` (`config_name`, `config_value`) VALUES ('enable_custom_bbcodes', '0');
INSERT INTO `phpbb_config` (`config_name`, `config_value`) VALUES ('smtp_port', '25');
INSERT INTO `phpbb_config` (`config_name`, `config_value`) VALUES ('limit_load', '0');
INSERT INTO `phpbb_config` (`config_name`, `config_value`) VALUES ('limit_search_load', '0');
INSERT INTO `phpbb_config` (`config_name`, `config_value`) VALUES ('ip_check', '0');
INSERT INTO `phpbb_config` (`config_name`, `config_value`) VALUES ('browser_check', '0');
INSERT INTO `phpbb_config` (`config_name`, `config_value`) VALUES ('session_last_gc', '0');
INSERT INTO `phpbb_config` (`config_name`, `config_value`) VALUES ('active_sessions', '0');
INSERT INTO `phpbb_config` (`config_name`, `config_value`) VALUES ('form_token_lifetime', '7200');
INSERT INTO `phpbb_config` (`config_name`, `config_value`) VALUES ('site_meta_keywords', 'your keywords, comma, separated');
INSERT INTO `phpbb_config` (`config_name`, `config_value`) VALUES ('site_meta_keywords_switch', '1');
INSERT INTO `phpbb_config` (`config_name`, `config_value`) VALUES ('site_meta_description', 'Your Site Description');
INSERT INTO `phpbb_config` (`config_name`, `config_value`) VALUES ('site_meta_description_switch', '1');
INSERT INTO `phpbb_config` (`config_name`, `config_value`) VALUES ('site_meta_author', 'Author');
INSERT INTO `phpbb_config` (`config_name`, `config_value`) VALUES ('site_meta_author_switch', '1');
INSERT INTO `phpbb_config` (`config_name`, `config_value`) VALUES ('site_meta_copyright', 'Copyright');
INSERT INTO `phpbb_config` (`config_name`, `config_value`) VALUES ('site_meta_copyright_switch', '1');
INSERT INTO `phpbb_config` (`config_name`, `config_value`) VALUES ('session_gc', '3600');
INSERT INTO `phpbb_config` (`config_name`, `config_value`) VALUES ('session_last_visit_reset', '0');
INSERT INTO `phpbb_config` (`config_name`, `config_value`) VALUES ('check_dnsbl', '0');
INSERT INTO `phpbb_config` (`config_name`, `config_value`) VALUES ('check_dnsbl_posting', '0');
INSERT INTO `phpbb_config` (`config_name`, `config_value`) VALUES ('ajax_chat_msgs_refresh', '5');
INSERT INTO `phpbb_config` (`config_name`, `config_value`) VALUES ('ajax_chat_session_refresh', '10');
INSERT INTO `phpbb_config` (`config_name`, `config_value`) VALUES ('ajax_chat_link_type', '0');
INSERT INTO `phpbb_config` (`config_name`, `config_value`) VALUES ('ajax_chat_notification', '1');
INSERT INTO `phpbb_config` (`config_name`, `config_value`) VALUES ('ajax_chat_check_online', '0');

## CAPTCHA Settings - BEGIN
INSERT INTO `phpbb_config` (`config_name`, `config_value`) VALUES ('captcha_width', '316');
INSERT INTO `phpbb_config` (`config_name`, `config_value`) VALUES ('captcha_height', '61');
INSERT INTO `phpbb_config` (`config_name`, `config_value`) VALUES ('captcha_background_color', '#E5ECF9');
INSERT INTO `phpbb_config` (`config_name`, `config_value`) VALUES ('captcha_jpeg', '0');
INSERT INTO `phpbb_config` (`config_name`, `config_value`) VALUES ('captcha_jpeg_quality', '50');
INSERT INTO `phpbb_config` (`config_name`, `config_value`) VALUES ('captcha_pre_letters', '0');
INSERT INTO `phpbb_config` (`config_name`, `config_value`) VALUES ('captcha_pre_letters_great', '0');
INSERT INTO `phpbb_config` (`config_name`, `config_value`) VALUES ('captcha_font', '0');
INSERT INTO `phpbb_config` (`config_name`, `config_value`) VALUES ('captcha_chess', '2');
INSERT INTO `phpbb_config` (`config_name`, `config_value`) VALUES ('captcha_ellipses', '2');
INSERT INTO `phpbb_config` (`config_name`, `config_value`) VALUES ('captcha_arcs', '2');
INSERT INTO `phpbb_config` (`config_name`, `config_value`) VALUES ('captcha_lines', '2');
INSERT INTO `phpbb_config` (`config_name`, `config_value`) VALUES ('captcha_image', '0');
INSERT INTO `phpbb_config` (`config_name`, `config_value`) VALUES ('captcha_gammacorrect', '1.4');
INSERT INTO `phpbb_config` (`config_name`, `config_value`) VALUES ('captcha_foreground_lattice_x', '0');
INSERT INTO `phpbb_config` (`config_name`, `config_value`) VALUES ('captcha_foreground_lattice_y', '0');
INSERT INTO `phpbb_config` (`config_name`, `config_value`) VALUES ('captcha_lattice_color', '#FFFFFF');
## CAPTCHA Settings - END


## `phpbb_flags`
##
INSERT INTO `phpbb_flags` (`flag_name`, `flag_image`) VALUES ('Afghanistan', 'afghanistan.png');
INSERT INTO `phpbb_flags` (`flag_name`, `flag_image`) VALUES ('AI', 'ai.png');
INSERT INTO `phpbb_flags` (`flag_name`, `flag_image`) VALUES ('Albania', 'albania.png');
INSERT INTO `phpbb_flags` (`flag_name`, `flag_image`) VALUES ('Algeria', 'algeria.png');
INSERT INTO `phpbb_flags` (`flag_name`, `flag_image`) VALUES ('AN', 'an.png');
INSERT INTO `phpbb_flags` (`flag_name`, `flag_image`) VALUES ('Andorra', 'andorra.png');
INSERT INTO `phpbb_flags` (`flag_name`, `flag_image`) VALUES ('Antiguabarbuda', 'antiguabarbuda.png');
INSERT INTO `phpbb_flags` (`flag_name`, `flag_image`) VALUES ('AO', 'ao.png');
INSERT INTO `phpbb_flags` (`flag_name`, `flag_image`) VALUES ('Argentina', 'argentina.png');
INSERT INTO `phpbb_flags` (`flag_name`, `flag_image`) VALUES ('Armenia', 'armenia.png');
INSERT INTO `phpbb_flags` (`flag_name`, `flag_image`) VALUES ('AS', 'as.png');
INSERT INTO `phpbb_flags` (`flag_name`, `flag_image`) VALUES ('Australia', 'australia.png');
INSERT INTO `phpbb_flags` (`flag_name`, `flag_image`) VALUES ('Austria', 'austria.png');
INSERT INTO `phpbb_flags` (`flag_name`, `flag_image`) VALUES ('AW', 'aw.png');
INSERT INTO `phpbb_flags` (`flag_name`, `flag_image`) VALUES ('AX', 'ax.png');
INSERT INTO `phpbb_flags` (`flag_name`, `flag_image`) VALUES ('Azerbaijan', 'azerbaijan.png');
INSERT INTO `phpbb_flags` (`flag_name`, `flag_image`) VALUES ('Bahamas', 'bahamas.png');
INSERT INTO `phpbb_flags` (`flag_name`, `flag_image`) VALUES ('Bahrain', 'bahrain.png');
INSERT INTO `phpbb_flags` (`flag_name`, `flag_image`) VALUES ('Bangladesh', 'bangladesh.png');
INSERT INTO `phpbb_flags` (`flag_name`, `flag_image`) VALUES ('Barbados', 'barbados.png');
INSERT INTO `phpbb_flags` (`flag_name`, `flag_image`) VALUES ('Belarus', 'belarus.png');
INSERT INTO `phpbb_flags` (`flag_name`, `flag_image`) VALUES ('Belgium', 'belgium.png');
INSERT INTO `phpbb_flags` (`flag_name`, `flag_image`) VALUES ('Belize', 'belize.png');
INSERT INTO `phpbb_flags` (`flag_name`, `flag_image`) VALUES ('Benin', 'benin.png');
INSERT INTO `phpbb_flags` (`flag_name`, `flag_image`) VALUES ('Bhutan', 'bhutan.png');
INSERT INTO `phpbb_flags` (`flag_name`, `flag_image`) VALUES ('BM', 'bm.png');
INSERT INTO `phpbb_flags` (`flag_name`, `flag_image`) VALUES ('Bolivia', 'bolivia.png');
INSERT INTO `phpbb_flags` (`flag_name`, `flag_image`) VALUES ('Bosnia Herzegovina', 'bosnia_herzegovina.png');
INSERT INTO `phpbb_flags` (`flag_name`, `flag_image`) VALUES ('Botswana', 'botswana.png');
INSERT INTO `phpbb_flags` (`flag_name`, `flag_image`) VALUES ('Brazil', 'brazil.png');
INSERT INTO `phpbb_flags` (`flag_name`, `flag_image`) VALUES ('Brunei', 'brunei.png');
INSERT INTO `phpbb_flags` (`flag_name`, `flag_image`) VALUES ('Bulgaria', 'bulgaria.png');
INSERT INTO `phpbb_flags` (`flag_name`, `flag_image`) VALUES ('Burkinafaso', 'burkinafaso.png');
INSERT INTO `phpbb_flags` (`flag_name`, `flag_image`) VALUES ('Burma', 'burma.png');
INSERT INTO `phpbb_flags` (`flag_name`, `flag_image`) VALUES ('Burundi', 'burundi.png');
INSERT INTO `phpbb_flags` (`flag_name`, `flag_image`) VALUES ('BV', 'bv.png');
INSERT INTO `phpbb_flags` (`flag_name`, `flag_image`) VALUES ('Cambodia', 'cambodia.png');
INSERT INTO `phpbb_flags` (`flag_name`, `flag_image`) VALUES ('Cameroon', 'cameroon.png');
INSERT INTO `phpbb_flags` (`flag_name`, `flag_image`) VALUES ('Canada', 'canada.png');
INSERT INTO `phpbb_flags` (`flag_name`, `flag_image`) VALUES ('CC', 'cc.png');
INSERT INTO `phpbb_flags` (`flag_name`, `flag_image`) VALUES ('Central African Republic', 'central_african_republic.png');
INSERT INTO `phpbb_flags` (`flag_name`, `flag_image`) VALUES ('Chad', 'chad.png');
INSERT INTO `phpbb_flags` (`flag_name`, `flag_image`) VALUES ('Chile', 'chile.png');
INSERT INTO `phpbb_flags` (`flag_name`, `flag_image`) VALUES ('China', 'china.png');
INSERT INTO `phpbb_flags` (`flag_name`, `flag_image`) VALUES ('CK', 'ck.png');
INSERT INTO `phpbb_flags` (`flag_name`, `flag_image`) VALUES ('Columbia', 'columbia.png');
INSERT INTO `phpbb_flags` (`flag_name`, `flag_image`) VALUES ('Comoros', 'comoros.png');
INSERT INTO `phpbb_flags` (`flag_name`, `flag_image`) VALUES ('Congo', 'congo.png');
INSERT INTO `phpbb_flags` (`flag_name`, `flag_image`) VALUES ('Costa Rica', 'costa_rica.png');
INSERT INTO `phpbb_flags` (`flag_name`, `flag_image`) VALUES ('Croatia', 'croatia.png');
INSERT INTO `phpbb_flags` (`flag_name`, `flag_image`) VALUES ('Cuba', 'cuba.png');
INSERT INTO `phpbb_flags` (`flag_name`, `flag_image`) VALUES ('CV', 'cv.png');
INSERT INTO `phpbb_flags` (`flag_name`, `flag_image`) VALUES ('CX', 'cx.png');
INSERT INTO `phpbb_flags` (`flag_name`, `flag_image`) VALUES ('Cyprus', 'cyprus.png');
INSERT INTO `phpbb_flags` (`flag_name`, `flag_image`) VALUES ('Czech Republic', 'czech_republic.png');
INSERT INTO `phpbb_flags` (`flag_name`, `flag_image`) VALUES ('Dem Rep Congo', 'dem_rep_congo.png');
INSERT INTO `phpbb_flags` (`flag_name`, `flag_image`) VALUES ('Denmark', 'denmark.png');
INSERT INTO `phpbb_flags` (`flag_name`, `flag_image`) VALUES ('Djibouti', 'djibouti.png');
INSERT INTO `phpbb_flags` (`flag_name`, `flag_image`) VALUES ('Dominica', 'dominica.png');
INSERT INTO `phpbb_flags` (`flag_name`, `flag_image`) VALUES ('Dominican Rep', 'dominican_rep.png');
INSERT INTO `phpbb_flags` (`flag_name`, `flag_image`) VALUES ('Ecuador', 'ecuador.png');
INSERT INTO `phpbb_flags` (`flag_name`, `flag_image`) VALUES ('Egypt', 'egypt.png');
INSERT INTO `phpbb_flags` (`flag_name`, `flag_image`) VALUES ('EH', 'eh.png');
INSERT INTO `phpbb_flags` (`flag_name`, `flag_image`) VALUES ('Elsalvador', 'elsalvador.png');
INSERT INTO `phpbb_flags` (`flag_name`, `flag_image`) VALUES ('England', 'england.png');
INSERT INTO `phpbb_flags` (`flag_name`, `flag_image`) VALUES ('Eq Guinea', 'eq_guinea.png');
INSERT INTO `phpbb_flags` (`flag_name`, `flag_image`) VALUES ('Eritrea', 'eritrea.png');
INSERT INTO `phpbb_flags` (`flag_name`, `flag_image`) VALUES ('Estonia', 'estonia.png');
INSERT INTO `phpbb_flags` (`flag_name`, `flag_image`) VALUES ('Ethiopia', 'ethiopia.png');
INSERT INTO `phpbb_flags` (`flag_name`, `flag_image`) VALUES ('FAM', 'fam.png');
INSERT INTO `phpbb_flags` (`flag_name`, `flag_image`) VALUES ('Fiji', 'fiji.png');
INSERT INTO `phpbb_flags` (`flag_name`, `flag_image`) VALUES ('Finland', 'finland.png');
INSERT INTO `phpbb_flags` (`flag_name`, `flag_image`) VALUES ('FK', 'fk.png');
INSERT INTO `phpbb_flags` (`flag_name`, `flag_image`) VALUES ('FO', 'fo.png');
INSERT INTO `phpbb_flags` (`flag_name`, `flag_image`) VALUES ('France', 'france.png');
INSERT INTO `phpbb_flags` (`flag_name`, `flag_image`) VALUES ('Gabon', 'gabon.png');
INSERT INTO `phpbb_flags` (`flag_name`, `flag_image`) VALUES ('Gambia', 'gambia.png');
INSERT INTO `phpbb_flags` (`flag_name`, `flag_image`) VALUES ('Georgia', 'georgia.png');
INSERT INTO `phpbb_flags` (`flag_name`, `flag_image`) VALUES ('Germany', 'germany.png');
INSERT INTO `phpbb_flags` (`flag_name`, `flag_image`) VALUES ('Ghana', 'ghana.png');
INSERT INTO `phpbb_flags` (`flag_name`, `flag_image`) VALUES ('GI', 'gi.png');
INSERT INTO `phpbb_flags` (`flag_name`, `flag_image`) VALUES ('GL', 'gl.png');
INSERT INTO `phpbb_flags` (`flag_name`, `flag_image`) VALUES ('GP', 'gp.png');
INSERT INTO `phpbb_flags` (`flag_name`, `flag_image`) VALUES ('Greece', 'greece.png');
INSERT INTO `phpbb_flags` (`flag_name`, `flag_image`) VALUES ('Grenada', 'grenada.png');
INSERT INTO `phpbb_flags` (`flag_name`, `flag_image`) VALUES ('Grenadines', 'grenadines.png');
INSERT INTO `phpbb_flags` (`flag_name`, `flag_image`) VALUES ('GS', 'gs.png');
INSERT INTO `phpbb_flags` (`flag_name`, `flag_image`) VALUES ('GU', 'gu.png');
INSERT INTO `phpbb_flags` (`flag_name`, `flag_image`) VALUES ('Guatemala', 'guatemala.png');
INSERT INTO `phpbb_flags` (`flag_name`, `flag_image`) VALUES ('Guinea', 'guinea.png');
INSERT INTO `phpbb_flags` (`flag_name`, `flag_image`) VALUES ('Guinea Bissau', 'guinea_bissau.png');
INSERT INTO `phpbb_flags` (`flag_name`, `flag_image`) VALUES ('Guyana', 'guyana.png');
INSERT INTO `phpbb_flags` (`flag_name`, `flag_image`) VALUES ('Haiti', 'haiti.png');
INSERT INTO `phpbb_flags` (`flag_name`, `flag_image`) VALUES ('Honduras', 'honduras.png');
INSERT INTO `phpbb_flags` (`flag_name`, `flag_image`) VALUES ('Hong Kong', 'hong_kong.png');
INSERT INTO `phpbb_flags` (`flag_name`, `flag_image`) VALUES ('Hungary', 'hungary.png');
INSERT INTO `phpbb_flags` (`flag_name`, `flag_image`) VALUES ('Iceland', 'iceland.png');
INSERT INTO `phpbb_flags` (`flag_name`, `flag_image`) VALUES ('India', 'india.png');
INSERT INTO `phpbb_flags` (`flag_name`, `flag_image`) VALUES ('Indonesia', 'indonesia.png');
INSERT INTO `phpbb_flags` (`flag_name`, `flag_image`) VALUES ('IO', 'io.png');
INSERT INTO `phpbb_flags` (`flag_name`, `flag_image`) VALUES ('Iran', 'iran.png');
INSERT INTO `phpbb_flags` (`flag_name`, `flag_image`) VALUES ('Iraq', 'iraq.png');
INSERT INTO `phpbb_flags` (`flag_name`, `flag_image`) VALUES ('Ireland', 'ireland.png');
INSERT INTO `phpbb_flags` (`flag_name`, `flag_image`) VALUES ('Israel', 'israel.png');
INSERT INTO `phpbb_flags` (`flag_name`, `flag_image`) VALUES ('Italia', 'italia.png');
INSERT INTO `phpbb_flags` (`flag_name`, `flag_image`) VALUES ('Ivory Coast', 'ivory_coast.png');
INSERT INTO `phpbb_flags` (`flag_name`, `flag_image`) VALUES ('Jamaica', 'jamaica.png');
INSERT INTO `phpbb_flags` (`flag_name`, `flag_image`) VALUES ('Japan', 'japan.png');
INSERT INTO `phpbb_flags` (`flag_name`, `flag_image`) VALUES ('Jordan', 'jordan.png');
INSERT INTO `phpbb_flags` (`flag_name`, `flag_image`) VALUES ('Kazakhstan', 'kazakhstan.png');
INSERT INTO `phpbb_flags` (`flag_name`, `flag_image`) VALUES ('Kenya', 'kenya.png');
INSERT INTO `phpbb_flags` (`flag_name`, `flag_image`) VALUES ('Kiribati', 'kiribati.png');
INSERT INTO `phpbb_flags` (`flag_name`, `flag_image`) VALUES ('KP', 'kp.png');
INSERT INTO `phpbb_flags` (`flag_name`, `flag_image`) VALUES ('Kuwait', 'kuwait.png');
INSERT INTO `phpbb_flags` (`flag_name`, `flag_image`) VALUES ('KY', 'ky.png');
INSERT INTO `phpbb_flags` (`flag_name`, `flag_image`) VALUES ('Kyrgyzstan', 'kyrgyzstan.png');
INSERT INTO `phpbb_flags` (`flag_name`, `flag_image`) VALUES ('Laos', 'laos.png');
INSERT INTO `phpbb_flags` (`flag_name`, `flag_image`) VALUES ('Latvia', 'latvia.png');
INSERT INTO `phpbb_flags` (`flag_name`, `flag_image`) VALUES ('Lebanon', 'lebanon.png');
INSERT INTO `phpbb_flags` (`flag_name`, `flag_image`) VALUES ('Liberia', 'liberia.png');
INSERT INTO `phpbb_flags` (`flag_name`, `flag_image`) VALUES ('Libya', 'libya.png');
INSERT INTO `phpbb_flags` (`flag_name`, `flag_image`) VALUES ('Liechtenstein', 'liechtenstein.png');
INSERT INTO `phpbb_flags` (`flag_name`, `flag_image`) VALUES ('Lithuania', 'lithuania.png');
INSERT INTO `phpbb_flags` (`flag_name`, `flag_image`) VALUES ('LS', 'ls.png');
INSERT INTO `phpbb_flags` (`flag_name`, `flag_image`) VALUES ('Luxembourg', 'luxembourg.png');
INSERT INTO `phpbb_flags` (`flag_name`, `flag_image`) VALUES ('Macau', 'macau.png');
INSERT INTO `phpbb_flags` (`flag_name`, `flag_image`) VALUES ('Madagascar', 'madagascar.png');
INSERT INTO `phpbb_flags` (`flag_name`, `flag_image`) VALUES ('Malawi', 'malawi.png');
INSERT INTO `phpbb_flags` (`flag_name`, `flag_image`) VALUES ('Malaysia', 'malaysia.png');
INSERT INTO `phpbb_flags` (`flag_name`, `flag_image`) VALUES ('Maldives', 'maldives.png');
INSERT INTO `phpbb_flags` (`flag_name`, `flag_image`) VALUES ('Mali', 'mali.png');
INSERT INTO `phpbb_flags` (`flag_name`, `flag_image`) VALUES ('Malta', 'malta.png');
INSERT INTO `phpbb_flags` (`flag_name`, `flag_image`) VALUES ('Mauritania', 'mauritania.png');
INSERT INTO `phpbb_flags` (`flag_name`, `flag_image`) VALUES ('Mauritius', 'mauritius.png');
INSERT INTO `phpbb_flags` (`flag_name`, `flag_image`) VALUES ('Mexico', 'mexico.png');
INSERT INTO `phpbb_flags` (`flag_name`, `flag_image`) VALUES ('MH', 'mh.png');
INSERT INTO `phpbb_flags` (`flag_name`, `flag_image`) VALUES ('Micronesia', 'micronesia.png');
INSERT INTO `phpbb_flags` (`flag_name`, `flag_image`) VALUES ('MK', 'mk.png');
INSERT INTO `phpbb_flags` (`flag_name`, `flag_image`) VALUES ('Moldova', 'moldova.png');
INSERT INTO `phpbb_flags` (`flag_name`, `flag_image`) VALUES ('Monaco', 'monaco.png');
INSERT INTO `phpbb_flags` (`flag_name`, `flag_image`) VALUES ('Mongolia', 'mongolia.png');
INSERT INTO `phpbb_flags` (`flag_name`, `flag_image`) VALUES ('Montenegro', 'montenegro.png');
INSERT INTO `phpbb_flags` (`flag_name`, `flag_image`) VALUES ('Morocco', 'morocco.png');
INSERT INTO `phpbb_flags` (`flag_name`, `flag_image`) VALUES ('Mozambique', 'mozambique.png');
INSERT INTO `phpbb_flags` (`flag_name`, `flag_image`) VALUES ('MP', 'mp.png');
INSERT INTO `phpbb_flags` (`flag_name`, `flag_image`) VALUES ('MS', 'ms.png');
INSERT INTO `phpbb_flags` (`flag_name`, `flag_image`) VALUES ('Namibia', 'namibia.png');
INSERT INTO `phpbb_flags` (`flag_name`, `flag_image`) VALUES ('Nauru', 'nauru.png');
INSERT INTO `phpbb_flags` (`flag_name`, `flag_image`) VALUES ('NC', 'nc.png');
INSERT INTO `phpbb_flags` (`flag_name`, `flag_image`) VALUES ('Nepal', 'nepal.png');
INSERT INTO `phpbb_flags` (`flag_name`, `flag_image`) VALUES ('Netherlands', 'netherlands.png');
INSERT INTO `phpbb_flags` (`flag_name`, `flag_image`) VALUES ('New Zealand', 'new_zealand.png');
INSERT INTO `phpbb_flags` (`flag_name`, `flag_image`) VALUES ('NF', 'nf.png');
INSERT INTO `phpbb_flags` (`flag_name`, `flag_image`) VALUES ('Nicaragua', 'nicaragua.png');
INSERT INTO `phpbb_flags` (`flag_name`, `flag_image`) VALUES ('Niger', 'niger.png');
INSERT INTO `phpbb_flags` (`flag_name`, `flag_image`) VALUES ('Nigeria', 'nigeria.png');
INSERT INTO `phpbb_flags` (`flag_name`, `flag_image`) VALUES ('Norway', 'norway.png');
INSERT INTO `phpbb_flags` (`flag_name`, `flag_image`) VALUES ('NU', 'nu.png');
INSERT INTO `phpbb_flags` (`flag_name`, `flag_image`) VALUES ('Oman', 'oman.png');
INSERT INTO `phpbb_flags` (`flag_name`, `flag_image`) VALUES ('Pakistan', 'pakistan.png');
INSERT INTO `phpbb_flags` (`flag_name`, `flag_image`) VALUES ('Panama', 'panama.png');
INSERT INTO `phpbb_flags` (`flag_name`, `flag_image`) VALUES ('Papua New Guinea', 'papua_new_guinea.png');
INSERT INTO `phpbb_flags` (`flag_name`, `flag_image`) VALUES ('Paraguay', 'paraguay.png');
INSERT INTO `phpbb_flags` (`flag_name`, `flag_image`) VALUES ('Peru', 'peru.png');
INSERT INTO `phpbb_flags` (`flag_name`, `flag_image`) VALUES ('PF', 'pf.png');
INSERT INTO `phpbb_flags` (`flag_name`, `flag_image`) VALUES ('Philippines', 'philippines.png');
INSERT INTO `phpbb_flags` (`flag_name`, `flag_image`) VALUES ('PM', 'pm.png');
INSERT INTO `phpbb_flags` (`flag_name`, `flag_image`) VALUES ('PN', 'pn.png');
INSERT INTO `phpbb_flags` (`flag_name`, `flag_image`) VALUES ('Poland', 'poland.png');
INSERT INTO `phpbb_flags` (`flag_name`, `flag_image`) VALUES ('Portugal', 'portugal.png');
INSERT INTO `phpbb_flags` (`flag_name`, `flag_image`) VALUES ('PS', 'ps.png');
INSERT INTO `phpbb_flags` (`flag_name`, `flag_image`) VALUES ('Puerto Rico', 'puerto_rico.png');
INSERT INTO `phpbb_flags` (`flag_name`, `flag_image`) VALUES ('PW', 'pw.png');
INSERT INTO `phpbb_flags` (`flag_name`, `flag_image`) VALUES ('Qatar', 'qatar.png');
INSERT INTO `phpbb_flags` (`flag_name`, `flag_image`) VALUES ('Quebec', 'quebec.png');
INSERT INTO `phpbb_flags` (`flag_name`, `flag_image`) VALUES ('Romania', 'romania.png');
INSERT INTO `phpbb_flags` (`flag_name`, `flag_image`) VALUES ('Russia', 'russia.png');
INSERT INTO `phpbb_flags` (`flag_name`, `flag_image`) VALUES ('Rwanda', 'rwanda.png');
INSERT INTO `phpbb_flags` (`flag_name`, `flag_image`) VALUES ('Sao Tome', 'sao_tome.png');
INSERT INTO `phpbb_flags` (`flag_name`, `flag_image`) VALUES ('Saudi Arabia', 'saudi_arabia.png');
INSERT INTO `phpbb_flags` (`flag_name`, `flag_image`) VALUES ('Scotland', 'scotland.png');
INSERT INTO `phpbb_flags` (`flag_name`, `flag_image`) VALUES ('Senegal', 'senegal.png');
INSERT INTO `phpbb_flags` (`flag_name`, `flag_image`) VALUES ('Serbia', 'serbia.png');
INSERT INTO `phpbb_flags` (`flag_name`, `flag_image`) VALUES ('Seychelles', 'seychelles.png');
INSERT INTO `phpbb_flags` (`flag_name`, `flag_image`) VALUES ('SH', 'sh.png');
INSERT INTO `phpbb_flags` (`flag_name`, `flag_image`) VALUES ('Sierraleone', 'sierraleone.png');
INSERT INTO `phpbb_flags` (`flag_name`, `flag_image`) VALUES ('Singapore', 'singapore.png');
INSERT INTO `phpbb_flags` (`flag_name`, `flag_image`) VALUES ('Slovakia', 'slovakia.png');
INSERT INTO `phpbb_flags` (`flag_name`, `flag_image`) VALUES ('Slovenia', 'slovenia.png');
INSERT INTO `phpbb_flags` (`flag_name`, `flag_image`) VALUES ('SM', 'sm.png');
INSERT INTO `phpbb_flags` (`flag_name`, `flag_image`) VALUES ('Solomon Islands', 'solomon_islands.png');
INSERT INTO `phpbb_flags` (`flag_name`, `flag_image`) VALUES ('Somalia', 'somalia.png');
INSERT INTO `phpbb_flags` (`flag_name`, `flag_image`) VALUES ('South Africa', 'south_africa.png');
INSERT INTO `phpbb_flags` (`flag_name`, `flag_image`) VALUES ('South Korea', 'south_korea.png');
INSERT INTO `phpbb_flags` (`flag_name`, `flag_image`) VALUES ('Spain', 'spain.png');
INSERT INTO `phpbb_flags` (`flag_name`, `flag_image`) VALUES ('Sri Lanka', 'sri_lanka.png');
INSERT INTO `phpbb_flags` (`flag_name`, `flag_image`) VALUES ('Stkitts Nevis', 'stkitts_nevis.png');
INSERT INTO `phpbb_flags` (`flag_name`, `flag_image`) VALUES ('Stlucia', 'stlucia.png');
INSERT INTO `phpbb_flags` (`flag_name`, `flag_image`) VALUES ('Sudan', 'sudan.png');
INSERT INTO `phpbb_flags` (`flag_name`, `flag_image`) VALUES ('Suriname', 'suriname.png');
INSERT INTO `phpbb_flags` (`flag_name`, `flag_image`) VALUES ('Sweden', 'sweden.png');
INSERT INTO `phpbb_flags` (`flag_name`, `flag_image`) VALUES ('Switzerland', 'switzerland.png');
INSERT INTO `phpbb_flags` (`flag_name`, `flag_image`) VALUES ('Syria', 'syria.png');
INSERT INTO `phpbb_flags` (`flag_name`, `flag_image`) VALUES ('SZ', 'sz.png');
INSERT INTO `phpbb_flags` (`flag_name`, `flag_image`) VALUES ('Taiwan', 'taiwan.png');
INSERT INTO `phpbb_flags` (`flag_name`, `flag_image`) VALUES ('Tajikistan', 'tajikistan.png');
INSERT INTO `phpbb_flags` (`flag_name`, `flag_image`) VALUES ('Tanzania', 'tanzania.png');
INSERT INTO `phpbb_flags` (`flag_name`, `flag_image`) VALUES ('TF', 'tf.png');
INSERT INTO `phpbb_flags` (`flag_name`, `flag_image`) VALUES ('Thailand', 'thailand.png');
INSERT INTO `phpbb_flags` (`flag_name`, `flag_image`) VALUES ('TK', 'tk.png');
INSERT INTO `phpbb_flags` (`flag_name`, `flag_image`) VALUES ('TL', 'tl.png');
INSERT INTO `phpbb_flags` (`flag_name`, `flag_image`) VALUES ('Togo', 'togo.png');
INSERT INTO `phpbb_flags` (`flag_name`, `flag_image`) VALUES ('Tonga', 'tonga.png');
INSERT INTO `phpbb_flags` (`flag_name`, `flag_image`) VALUES ('Trinidat And Tobago', 'trinidat_and_tobago.png');
INSERT INTO `phpbb_flags` (`flag_name`, `flag_image`) VALUES ('Tunisia', 'tunisia.png');
INSERT INTO `phpbb_flags` (`flag_name`, `flag_image`) VALUES ('Turkey', 'turkey.png');
INSERT INTO `phpbb_flags` (`flag_name`, `flag_image`) VALUES ('Turkmenistan', 'turkmenistan.png');
INSERT INTO `phpbb_flags` (`flag_name`, `flag_image`) VALUES ('Tuvala', 'tuvala.png');
INSERT INTO `phpbb_flags` (`flag_name`, `flag_image`) VALUES ('TV', 'tv.png');
INSERT INTO `phpbb_flags` (`flag_name`, `flag_image`) VALUES ('Uganda', 'uganda.png');
INSERT INTO `phpbb_flags` (`flag_name`, `flag_image`) VALUES ('UK', 'uk.png');
INSERT INTO `phpbb_flags` (`flag_name`, `flag_image`) VALUES ('Ukraine', 'ukraine.png');
INSERT INTO `phpbb_flags` (`flag_name`, `flag_image`) VALUES ('UM', 'um.png');
INSERT INTO `phpbb_flags` (`flag_name`, `flag_image`) VALUES ('United Arabic Emirates', 'united_arabic_emirates.png');
INSERT INTO `phpbb_flags` (`flag_name`, `flag_image`) VALUES ('Uruguay', 'uruguay.png');
INSERT INTO `phpbb_flags` (`flag_name`, `flag_image`) VALUES ('USA', 'usa.png');
INSERT INTO `phpbb_flags` (`flag_name`, `flag_image`) VALUES ('Uzbekistan', 'uzbekistan.png');
INSERT INTO `phpbb_flags` (`flag_name`, `flag_image`) VALUES ('Vanuatu', 'vanuatu.png');
INSERT INTO `phpbb_flags` (`flag_name`, `flag_image`) VALUES ('Vatican', 'vatican.png');
INSERT INTO `phpbb_flags` (`flag_name`, `flag_image`) VALUES ('Venezuela', 'venezuela.png');
INSERT INTO `phpbb_flags` (`flag_name`, `flag_image`) VALUES ('VG', 'vg.png');
INSERT INTO `phpbb_flags` (`flag_name`, `flag_image`) VALUES ('VI', 'vi.png');
INSERT INTO `phpbb_flags` (`flag_name`, `flag_image`) VALUES ('Vietnam', 'vietnam.png');
INSERT INTO `phpbb_flags` (`flag_name`, `flag_image`) VALUES ('Wales', 'wales.png');
INSERT INTO `phpbb_flags` (`flag_name`, `flag_image`) VALUES ('Western Samoa', 'western_samoa.png');
INSERT INTO `phpbb_flags` (`flag_name`, `flag_image`) VALUES ('WF', 'wf.png');
INSERT INTO `phpbb_flags` (`flag_name`, `flag_image`) VALUES ('Yemen', 'yemen.png');
INSERT INTO `phpbb_flags` (`flag_name`, `flag_image`) VALUES ('YT', 'yt.png');
INSERT INTO `phpbb_flags` (`flag_name`, `flag_image`) VALUES ('Yugoslavia', 'yugoslavia.png');
INSERT INTO `phpbb_flags` (`flag_name`, `flag_image`) VALUES ('Zambia', 'zambia.png');
INSERT INTO `phpbb_flags` (`flag_name`, `flag_image`) VALUES ('Zimbabwe', 'zimbabwe.png');


## `phpbb_groups`
##
INSERT INTO `phpbb_groups` (`group_id`, `group_type`, `group_name`, `group_description`, `group_moderator`, `group_single_user`, `group_color`, `group_count`, `group_count_max`, `group_count_enable`, `upi2db_on`, `upi2db_min_posts`, `upi2db_min_regdays`) VALUES (1, 1, 'Anonymous', 'Personal User', 0, 1, '', 99999999, 99999999, 0, 1, 0, 0);
INSERT INTO `phpbb_groups` (`group_id`, `group_type`, `group_name`, `group_description`, `group_moderator`, `group_single_user`, `group_color`, `group_count`, `group_count_max`, `group_count_enable`, `upi2db_on`, `upi2db_min_posts`, `upi2db_min_regdays`) VALUES (2, 1, 'Admin', 'Personal User', 0, 1, '', 99999999, 99999999, 0, 1, 0, 0);
INSERT INTO `phpbb_groups` (`group_id`, `group_type`, `group_name`, `group_description`, `group_moderator`, `group_single_user`, `group_color`, `group_legend`, `group_legend_order`, `group_count`, `group_count_max`, `group_count_enable`, `upi2db_on`, `upi2db_min_posts`, `upi2db_min_regdays`) VALUES (3, 1, 'Administrators', 'Administrators', 2, 0, '#dd2222', '1', '1', 99999999, 99999999, 0, 1, 0, 0);
INSERT INTO `phpbb_groups` (`group_id`, `group_type`, `group_name`, `group_description`, `group_moderator`, `group_single_user`, `group_color`, `group_legend`, `group_legend_order`, `group_count`, `group_count_max`, `group_count_enable`, `upi2db_on`, `upi2db_min_posts`, `upi2db_min_regdays`) VALUES (4, 1, 'Moderators', 'Moderators', 2, 0, '#228844', '1', '2', 99999999, 99999999, 0, 1, 0, 0);
INSERT INTO `phpbb_groups` (`group_id`, `group_type`, `group_name`, `group_description`, `group_moderator`, `group_single_user`, `group_color`, `group_legend`, `group_legend_order`, `group_count`, `group_count_max`, `group_count_enable`, `upi2db_on`, `upi2db_min_posts`, `upi2db_min_regdays`) VALUES (5, 0, 'Users', 'All Users', 2, 0, '#224488', '1', '3', 0, 99999999, 0, 1, 0, 0);

## `phpbb_smilies`
##
INSERT INTO `phpbb_smilies` (`smilies_id`, `code`, `smile_url`, `emoticon`, `smilies_order`) VALUES (1, ':D', 'icon_biggrin.gif', 'Very Happy', 1);
INSERT INTO `phpbb_smilies` (`smilies_id`, `code`, `smile_url`, `emoticon`, `smilies_order`) VALUES (2, ':-D', 'icon_biggrin.gif', 'Very Happy', 2);
INSERT INTO `phpbb_smilies` (`smilies_id`, `code`, `smile_url`, `emoticon`, `smilies_order`) VALUES (3, ':grin:', 'icon_biggrin.gif', 'Very Happy', 3);
INSERT INTO `phpbb_smilies` (`smilies_id`, `code`, `smile_url`, `emoticon`, `smilies_order`) VALUES (4, ':)', 'icon_smile.gif', 'Smile', 4);
INSERT INTO `phpbb_smilies` (`smilies_id`, `code`, `smile_url`, `emoticon`, `smilies_order`) VALUES (5, ':-)', 'icon_smile.gif', 'Smile', 5);
INSERT INTO `phpbb_smilies` (`smilies_id`, `code`, `smile_url`, `emoticon`, `smilies_order`) VALUES (6, ':smile:', 'icon_smile.gif', 'Smile', 6);
INSERT INTO `phpbb_smilies` (`smilies_id`, `code`, `smile_url`, `emoticon`, `smilies_order`) VALUES (7, ':(', 'icon_sad.gif', 'Sad', 7);
INSERT INTO `phpbb_smilies` (`smilies_id`, `code`, `smile_url`, `emoticon`, `smilies_order`) VALUES (8, ':-(', 'icon_sad.gif', 'Sad', 8);
INSERT INTO `phpbb_smilies` (`smilies_id`, `code`, `smile_url`, `emoticon`, `smilies_order`) VALUES (9, ':sad:', 'icon_sad.gif', 'Sad', 9);
INSERT INTO `phpbb_smilies` (`smilies_id`, `code`, `smile_url`, `emoticon`, `smilies_order`) VALUES (10, ':o', 'icon_surprised.gif', 'Surprised', 10);
INSERT INTO `phpbb_smilies` (`smilies_id`, `code`, `smile_url`, `emoticon`, `smilies_order`) VALUES (11, ':-o', 'icon_surprised.gif', 'Surprised', 11);
INSERT INTO `phpbb_smilies` (`smilies_id`, `code`, `smile_url`, `emoticon`, `smilies_order`) VALUES (12, ':eek:', 'icon_surprised.gif', 'Surprised', 12);
INSERT INTO `phpbb_smilies` (`smilies_id`, `code`, `smile_url`, `emoticon`, `smilies_order`) VALUES (13, ':shock:', 'icon_eek.gif', 'Shocked', 13);
INSERT INTO `phpbb_smilies` (`smilies_id`, `code`, `smile_url`, `emoticon`, `smilies_order`) VALUES (14, ':?', 'icon_confused.gif', 'Confused', 14);
INSERT INTO `phpbb_smilies` (`smilies_id`, `code`, `smile_url`, `emoticon`, `smilies_order`) VALUES (15, ':-?', 'icon_confused.gif', 'Confused', 15);
INSERT INTO `phpbb_smilies` (`smilies_id`, `code`, `smile_url`, `emoticon`, `smilies_order`) VALUES (16, ':???:', 'icon_confused.gif', 'Confused', 16);
INSERT INTO `phpbb_smilies` (`smilies_id`, `code`, `smile_url`, `emoticon`, `smilies_order`) VALUES (17, '8)', 'icon_cool.gif', 'Cool', 17);
INSERT INTO `phpbb_smilies` (`smilies_id`, `code`, `smile_url`, `emoticon`, `smilies_order`) VALUES (18, '8-)', 'icon_cool.gif', 'Cool', 18);
INSERT INTO `phpbb_smilies` (`smilies_id`, `code`, `smile_url`, `emoticon`, `smilies_order`) VALUES (19, ':cool:', 'icon_cool.gif', 'Cool', 19);
INSERT INTO `phpbb_smilies` (`smilies_id`, `code`, `smile_url`, `emoticon`, `smilies_order`) VALUES (20, ':lol:', 'icon_lol.gif', 'Laughing', 20);
INSERT INTO `phpbb_smilies` (`smilies_id`, `code`, `smile_url`, `emoticon`, `smilies_order`) VALUES (21, ':x', 'icon_mad.gif', 'Mad', 21);
INSERT INTO `phpbb_smilies` (`smilies_id`, `code`, `smile_url`, `emoticon`, `smilies_order`) VALUES (22, ':-x', 'icon_mad.gif', 'Mad', 22);
INSERT INTO `phpbb_smilies` (`smilies_id`, `code`, `smile_url`, `emoticon`, `smilies_order`) VALUES (23, ':mad:', 'icon_mad.gif', 'Mad', 23);
INSERT INTO `phpbb_smilies` (`smilies_id`, `code`, `smile_url`, `emoticon`, `smilies_order`) VALUES (24, ':P', 'icon_razz.gif', 'Razz', 24);
INSERT INTO `phpbb_smilies` (`smilies_id`, `code`, `smile_url`, `emoticon`, `smilies_order`) VALUES (25, ':-P', 'icon_razz.gif', 'Razz', 25);
INSERT INTO `phpbb_smilies` (`smilies_id`, `code`, `smile_url`, `emoticon`, `smilies_order`) VALUES (26, ':razz:', 'icon_razz.gif', 'Razz', 26);
INSERT INTO `phpbb_smilies` (`smilies_id`, `code`, `smile_url`, `emoticon`, `smilies_order`) VALUES (27, ':oops:', 'icon_redface.gif', 'Embarassed', 27);
INSERT INTO `phpbb_smilies` (`smilies_id`, `code`, `smile_url`, `emoticon`, `smilies_order`) VALUES (28, ':cry:', 'icon_cry.gif', 'Crying or Very sad', 28);
INSERT INTO `phpbb_smilies` (`smilies_id`, `code`, `smile_url`, `emoticon`, `smilies_order`) VALUES (29, ':evil:', 'icon_evil.gif', 'Evil or Very Mad', 29);
INSERT INTO `phpbb_smilies` (`smilies_id`, `code`, `smile_url`, `emoticon`, `smilies_order`) VALUES (30, ':twisted:', 'icon_twisted.gif', 'Twisted Evil', 30);
INSERT INTO `phpbb_smilies` (`smilies_id`, `code`, `smile_url`, `emoticon`, `smilies_order`) VALUES (31, ':roll:', 'icon_rolleyes.gif', 'Rolling Eyes', 31);
INSERT INTO `phpbb_smilies` (`smilies_id`, `code`, `smile_url`, `emoticon`, `smilies_order`) VALUES (32, ':wink:', 'icon_wink.gif', 'Wink', 32);
INSERT INTO `phpbb_smilies` (`smilies_id`, `code`, `smile_url`, `emoticon`, `smilies_order`) VALUES (33, ';)', 'icon_wink.gif', 'Wink', 33);
INSERT INTO `phpbb_smilies` (`smilies_id`, `code`, `smile_url`, `emoticon`, `smilies_order`) VALUES (34, ';-)', 'icon_wink.gif', 'Wink', 34);
INSERT INTO `phpbb_smilies` (`smilies_id`, `code`, `smile_url`, `emoticon`, `smilies_order`) VALUES (35, ':!:', 'icon_exclaim.gif', 'Exclamation', 35);
INSERT INTO `phpbb_smilies` (`smilies_id`, `code`, `smile_url`, `emoticon`, `smilies_order`) VALUES (36, ':?:', 'icon_question.gif', 'Question', 36);
INSERT INTO `phpbb_smilies` (`smilies_id`, `code`, `smile_url`, `emoticon`, `smilies_order`) VALUES (37, ':idea:', 'icon_idea.gif', 'Idea', 37);
INSERT INTO `phpbb_smilies` (`smilies_id`, `code`, `smile_url`, `emoticon`, `smilies_order`) VALUES (38, ':arrow:', 'icon_arrow.gif', 'Arrow', 38);
INSERT INTO `phpbb_smilies` (`smilies_id`, `code`, `smile_url`, `emoticon`, `smilies_order`) VALUES (39, ':|', 'icon_neutral.gif', 'Neutral', 39);
INSERT INTO `phpbb_smilies` (`smilies_id`, `code`, `smile_url`, `emoticon`, `smilies_order`) VALUES (40, ':-|', 'icon_neutral.gif', 'Neutral', 40);
INSERT INTO `phpbb_smilies` (`smilies_id`, `code`, `smile_url`, `emoticon`, `smilies_order`) VALUES (41, ':neutral:', 'icon_neutral.gif', 'Neutral', 41);
INSERT INTO `phpbb_smilies` (`smilies_id`, `code`, `smile_url`, `emoticon`, `smilies_order`) VALUES (42, ':mricy:', 'icon_mricy.gif', 'Mr. Icy', 42);
INSERT INTO `phpbb_smilies` (`smilies_id`, `code`, `smile_url`, `emoticon`, `smilies_order`) VALUES (43, ':mrblue:', 'icon_mrblue.gif', 'Mr. Blue', 43);
INSERT INTO `phpbb_smilies` (`smilies_id`, `code`, `smile_url`, `emoticon`, `smilies_order`) VALUES (44, ':mrgreen:', 'icon_mrgreen.gif', 'Mr. Green', 44);
INSERT INTO `phpbb_smilies` (`smilies_id`, `code`, `smile_url`, `emoticon`, `smilies_order`) VALUES (45, ':mrorange:', 'icon_mrorange.gif', 'Mr. Orange', 45);
INSERT INTO `phpbb_smilies` (`smilies_id`, `code`, `smile_url`, `emoticon`, `smilies_order`) VALUES (46, ':mrviolet:', 'icon_mrviolet.gif', 'Mr. Violet', 46);
INSERT INTO `phpbb_smilies` (`smilies_id`, `code`, `smile_url`, `emoticon`, `smilies_order`) VALUES (47, ':mryellow:', 'icon_mryellow.gif', 'Mr. Yellow', 47);


## `phpbb_themes`
##
INSERT INTO `phpbb_themes` (`themes_id`, `template_name`, `style_name`, `head_stylesheet`, `body_background`, `body_bgcolor`, `tr_class1`, `tr_class2`, `tr_class3`, `td_class1`, `td_class2`, `td_class3`) VALUES (1, 'icy_phoenix', 'Frozen Phoenix', 'style_cyan.css', 'cyan', '', 'row1', 'row2', 'row3', 'row1', 'row2', 'row3');


## `phpbb_user_group`
##
INSERT INTO `phpbb_user_group` (`group_id`, `user_id`, `user_pending`) VALUES (1, -1, 0);
INSERT INTO `phpbb_user_group` (`group_id`, `user_id`, `user_pending`) VALUES (2, 2, 0);
INSERT INTO `phpbb_user_group` (`group_id`, `user_id`, `user_pending`) VALUES (3, 2, 0);
INSERT INTO `phpbb_user_group` (`group_id`, `user_id`, `user_pending`) VALUES (4, 2, 0);
INSERT INTO `phpbb_user_group` (`group_id`, `user_id`, `user_pending`) VALUES (5, 2, 0);

## `phpbb_users`
##
INSERT INTO `phpbb_users` (`user_id`, `user_active`, `user_mask`, `user_cms_auth`, `user_permissions`, `user_perm_from`, `username`, `username_clean`, `user_first_name`, `user_last_name`, `user_password`, `user_newpasswd`, `user_passchg`, `user_form_salt`, `user_session_time`, `user_session_page`, `user_browser`, `user_lastvisit`, `user_regdate`, `user_type`, `user_level`, `user_posts`, `user_timezone`, `user_style`, `user_lang`, `user_dateformat`, `user_private_chat_alert`, `user_emailtime`, `user_options`, `user_allow_mass_email`, `user_notify`, `user_rank`, `user_avatar`, `user_avatar_type`, `user_email`, `user_email_hash`, `user_website`, `user_from`, `user_sig`, `user_aim`, `user_facebook`, `user_flickr`, `user_googleplus`, `user_icq`, `user_jabber`, `user_linkedin`, `user_msnm`, `user_twitter`, `user_skype`, `user_yim`, `user_youtube`, `user_occ`, `user_interests`, `user_actkey`, `user_birthday_y`, `user_birthday_m`, `user_birthday_d`, `user_color_group`, `user_color`, `user_gender`, `user_totaltime`, `user_totallogon`, `user_totalpages`, `user_time_mode`, `user_dst_time_lag`, `user_registered_ip`, `user_registered_hostname`, `user_topics_per_page`, `user_posts_per_page`, `user_login_attempts`, `user_last_login_attempt`, `user_from_flag`, `user_phone`, `user_selfdes`) VALUES
(-1, 0, 0, '', '', 0, 'Anonymous', 'anonymous', '', '', '', '', 0, '', 0, '0', '', 0, 0, 0, 0, 0, 0.00, NULL, '', '', '0', 0, 895, 1, 0, NULL, '', 0, '', 0, '', '', '', '', '', '', '', '', '', '', '', '', '', '', '', '', '', '', '', '', '', 0, '', 0, 0, 0, 0, 2, 60, '', '', '50', '15', 0, 0, '', '', '');
INSERT INTO `phpbb_users` (`user_id`, `user_active`, `user_mask`, `user_cms_auth`, `user_permissions`, `user_perm_from`, `username`, `username_clean`, `user_first_name`, `user_last_name`, `user_password`, `user_newpasswd`, `user_passchg`, `user_form_salt`, `user_session_time`, `user_session_page`, `user_browser`, `user_lastvisit`, `user_regdate`, `user_type`, `user_level`, `user_posts`, `user_timezone`, `user_style`, `user_lang`, `user_dateformat`, `user_private_chat_alert`, `user_emailtime`, `user_options`, `user_allow_mass_email`, `user_notify`, `user_rank`, `user_avatar`, `user_avatar_type`, `user_email`, `user_email_hash`, `user_website`, `user_from`, `user_sig`, `user_aim`, `user_facebook`, `user_flickr`, `user_googleplus`, `user_icq`, `user_jabber`, `user_linkedin`, `user_msnm`, `user_twitter`, `user_skype`, `user_yim`, `user_youtube`, `user_occ`, `user_interests`, `user_actkey`, `user_birthday_y`, `user_birthday_m`, `user_birthday_d`, `user_color_group`, `user_color`, `user_gender`, `user_totaltime`, `user_totallogon`, `user_totalpages`, `user_time_mode`, `user_dst_time_lag`, `user_registered_ip`, `user_registered_hostname`, `user_topics_per_page`, `user_posts_per_page`, `user_login_attempts`, `user_last_login_attempt`, `user_from_flag`, `user_phone`, `user_selfdes`) VALUES
(2, 1, 0, '', '', 0, 'Admin', 'admin', '', '', '21232f297a57a5a743894a0e4a801fc3', '', 0, '', 0, '0', '', 0, 0, 0, 1, 2, 0.00, 1, 'english', 'd M Y h:i a', '0', NULL, 895, 1, 0, 1, '', 0, 'admin@yourdomain.com', 0, '', '', '', '', '', '', '', '', '', '', '', '', '', '', '', '', '', '', '', '', '', 3, '#dd2222', 0, 0, 0, 0, 2, 60, '', '', '50', '15', 0, 0, '', '', '');

## AUTH SYSTEM - BEGIN
# -- CMS related auth options
INSERT INTO phpbb_acl_options (auth_option, is_global, is_local, founder_only) VALUES ('cms_', 1, 0, 0);
INSERT INTO phpbb_acl_options (auth_option, is_global, is_local, founder_only) VALUES ('cms_admin', 1, 0, 0);
INSERT INTO phpbb_acl_options (auth_option, is_global, is_local, founder_only) VALUES ('cms_settings', 1, 0, 0);
INSERT INTO phpbb_acl_options (auth_option, is_global, is_local, founder_only) VALUES ('cms_layouts', 1, 0, 0);
INSERT INTO phpbb_acl_options (auth_option, is_global, is_local, founder_only) VALUES ('cms_layouts_special', 1, 0, 0);
INSERT INTO phpbb_acl_options (auth_option, is_global, is_local, founder_only) VALUES ('cms_blocks', 1, 0, 0);
INSERT INTO phpbb_acl_options (auth_option, is_global, is_local, founder_only) VALUES ('cms_blocks_global', 1, 0, 0);
INSERT INTO phpbb_acl_options (auth_option, is_global, is_local, founder_only) VALUES ('cms_permissions', 1, 0, 0);
INSERT INTO phpbb_acl_options (auth_option, is_global, is_local, founder_only) VALUES ('cms_menu', 1, 0, 0);
INSERT INTO phpbb_acl_options (auth_option, is_global, is_local, founder_only) VALUES ('cms_ads', 1, 0, 0);

INSERT INTO phpbb_acl_options (auth_option, is_global, is_local, founder_only) VALUES ('cmsl_', 0, 1, 0);
INSERT INTO phpbb_acl_options (auth_option, is_global, is_local, founder_only) VALUES ('cmsl_admin', 0, 1, 0);

INSERT INTO phpbb_acl_options (auth_option, is_global, is_local, founder_only) VALUES ('cmss_', 0, 1, 0);
INSERT INTO phpbb_acl_options (auth_option, is_global, is_local, founder_only) VALUES ('cmss_admin', 0, 1, 0);

INSERT INTO phpbb_acl_options (auth_option, is_global, is_local, founder_only) VALUES ('cmsb_', 0, 1, 0);
INSERT INTO phpbb_acl_options (auth_option, is_global, is_local, founder_only) VALUES ('cmsb_admin', 0, 1, 0);

# -- Admin related auth options
INSERT INTO phpbb_acl_options (auth_option, is_global) VALUES ('a_', 1);
INSERT INTO phpbb_acl_options (auth_option, is_global) VALUES ('a_modules', 1);
INSERT INTO phpbb_acl_options (auth_option, is_global) VALUES ('a_roles', 1);
INSERT INTO phpbb_acl_options (auth_option, is_global) VALUES ('a_aauth', 1);
INSERT INTO phpbb_acl_options (auth_option, is_global) VALUES ('a_mauth', 1);
INSERT INTO phpbb_acl_options (auth_option, is_global) VALUES ('a_uauth', 1);
INSERT INTO phpbb_acl_options (auth_option, is_global) VALUES ('a_fauth', 1);
INSERT INTO phpbb_acl_options (auth_option, is_global) VALUES ('a_authgroups', 1);
INSERT INTO phpbb_acl_options (auth_option, is_global) VALUES ('a_authusers', 1);
INSERT INTO phpbb_acl_options (auth_option, is_global) VALUES ('a_viewauth', 1);
INSERT INTO phpbb_acl_options (auth_option, is_global) VALUES ('a_group', 1);
INSERT INTO phpbb_acl_options (auth_option, is_global) VALUES ('a_user', 1);

# -- Moderator related auth options
INSERT INTO phpbb_acl_options (auth_option, is_local, is_global) VALUES ('m_', 1, 1);
INSERT INTO phpbb_acl_options (auth_option, is_local, is_global) VALUES ('m_topicdelete', 1, 1);

# -- User related auth options
INSERT INTO phpbb_acl_options (auth_option, is_global) VALUES ('u_', 1);
INSERT INTO phpbb_acl_options (auth_option, is_global) VALUES ('u_html', 1);

# -- Forum related auth options
INSERT INTO phpbb_acl_options (auth_option, is_local) VALUES ('f_', 1);
INSERT INTO phpbb_acl_options (auth_option, is_local) VALUES ('f_html', 1);
INSERT INTO phpbb_acl_options (auth_option, is_local) VALUES ('f_topicdelete', 1);

# -- Plugins related auth options
INSERT INTO phpbb_acl_options (auth_option, is_global) VALUES ('pl_', 1);
INSERT INTO phpbb_acl_options (auth_option, is_global) VALUES ('pl_admin', 1);
INSERT INTO phpbb_acl_options (auth_option, is_global) VALUES ('pl_input', 1);
INSERT INTO phpbb_acl_options (auth_option, is_global) VALUES ('pl_edit', 1);
INSERT INTO phpbb_acl_options (auth_option, is_global) VALUES ('pl_delete', 1);

# -- Standard auth roles
INSERT INTO phpbb_acl_roles (role_id, role_name, role_description, role_type, role_order) VALUES (1, 'ROLE_CMS_CONTENT_MANAGER', 'ROLE_CMS_CONTENT_MANAGER_DESCRIPTION', 'cms_', 1);
INSERT INTO phpbb_acl_roles (role_id, role_name, role_description, role_type, role_order) VALUES (2, 'ROLE_CMS_REVIEWER', 'ROLE_CMS_REVIEWER_DESCRIPTION', 'cms_', 2);
INSERT INTO phpbb_acl_roles (role_id, role_name, role_description, role_type, role_order) VALUES (3, 'ROLE_CMS_PUBLISHER', 'ROLE_CMS_PUBLISHER_DESCRIPTION', 'cms_', 3);
INSERT INTO phpbb_acl_roles (role_id, role_name, role_description, role_type, role_order) VALUES (4, 'ROLE_CMS_CONTENT_MANAGER', 'ROLE_CMS_CONTENT_MANAGER_DESCRIPTION', 'cmsl_', 1);
INSERT INTO phpbb_acl_roles (role_id, role_name, role_description, role_type, role_order) VALUES (5, 'ROLE_CMS_CONTENT_MANAGER', 'ROLE_CMS_CONTENT_MANAGER_DESCRIPTION', 'cmss_', 1);
INSERT INTO phpbb_acl_roles (role_id, role_name, role_description, role_type, role_order) VALUES (6, 'ROLE_CMS_CONTENT_MANAGER', 'ROLE_CMS_CONTENT_MANAGER_DESCRIPTION', 'cmsb_', 1);
INSERT INTO phpbb_acl_roles (role_id, role_name, role_description, role_type, role_order) VALUES (7, 'ROLE_ADMIN_FULL', 'ROLE_ADMIN_FULL_DESCRIPTION', 'a_', 1);
INSERT INTO phpbb_acl_roles (role_id, role_name, role_description, role_type, role_order) VALUES (8, 'ROLE_ADMIN_STANDARD', 'ROLE_ADMIN_STANDARD_DESCRIPTION', 'a_', 2);
INSERT INTO phpbb_acl_roles (role_id, role_name, role_description, role_type, role_order) VALUES (9, 'ROLE_MOD_FULL', 'ROLE_MOD_FULL_DESCRIPTION', 'm_', 1);
INSERT INTO phpbb_acl_roles (role_id, role_name, role_description, role_type, role_order) VALUES (10, 'ROLE_MOD_STANDARD', 'ROLE_MOD_STANDARD_DESCRIPTION', 'm_', 2);
INSERT INTO phpbb_acl_roles (role_id, role_name, role_description, role_type, role_order) VALUES (11, 'ROLE_MOD_SIMPLE', 'ROLE_MOD_SIMPLE_DESCRIPTION', 'm_', 3);
INSERT INTO phpbb_acl_roles (role_id, role_name, role_description, role_type, role_order) VALUES (12, 'ROLE_USER_FULL', 'ROLE_USER_FULL_DESCRIPTION', 'u_', 1);
INSERT INTO phpbb_acl_roles (role_id, role_name, role_description, role_type, role_order) VALUES (13, 'ROLE_USER_STANDARD', 'ROLE_USER_STANDARD_DESCRIPTION', 'u_', 2);
INSERT INTO phpbb_acl_roles (role_id, role_name, role_description, role_type, role_order) VALUES (14, 'ROLE_USER_LIMITED', 'ROLE_USER_LIMITED_DESCRIPTION', 'u_', 3);
INSERT INTO phpbb_acl_roles (role_id, role_name, role_description, role_type, role_order) VALUES (15, 'ROLE_FORUM_FULL', 'ROLE_FORUM_FULL_DESCRIPTION', 'f_', 1);
INSERT INTO phpbb_acl_roles (role_id, role_name, role_description, role_type, role_order) VALUES (16, 'ROLE_FORUM_STANDARD', 'ROLE_FORUM_STANDARD_DESCRIPTION', 'f_', 2);
INSERT INTO phpbb_acl_roles (role_id, role_name, role_description, role_type, role_order) VALUES (17, 'ROLE_FORUM_NOACCESS', 'ROLE_FORUM_NOACCES_DESCRIPTIONS', 'f_', 3);
INSERT INTO phpbb_acl_roles (role_id, role_name, role_description, role_type, role_order) VALUES (18, 'ROLE_PLUGINS_FULL', 'ROLE_PLUGINS_FULL_DESCRIPTION', 'pl_', 1);
INSERT INTO phpbb_acl_roles (role_id, role_name, role_description, role_type, role_order) VALUES (19, 'ROLE_PLUGINS_STANDARD', 'ROLE_PLUGINS_STANDARD_DESCRIPTION', 'pl_', 2);
INSERT INTO phpbb_acl_roles (role_id, role_name, role_description, role_type, role_order) VALUES (20, 'ROLE_PLUGINS_NOACCESS', 'ROLE_PLUGINS_NOACCES_DESCRIPTIONS', 'pl_', 3);

# -- Roles data

# CMS Content Manager (cms_)
INSERT INTO phpbb_acl_roles_data (role_id, auth_option_id, auth_setting) SELECT 1, auth_option_id, 1 FROM phpbb_acl_options WHERE auth_option LIKE 'cms_%' AND is_global = 1;

# CMS Reviewer (cms_)
INSERT INTO phpbb_acl_roles_data (role_id, auth_option_id, auth_setting) SELECT 2, auth_option_id, 1 FROM phpbb_acl_options WHERE auth_option LIKE 'cms_%' AND auth_option NOT IN ('cms_admin', 'cms_settings', 'cms_permissions', 'cms_menu', 'cms_ads') AND is_global = 1;

# CMS Publisher (cms_)
INSERT INTO phpbb_acl_roles_data (role_id, auth_option_id, auth_setting) SELECT 3, auth_option_id, 1 FROM phpbb_acl_options WHERE auth_option = 'cms_blocks' AND is_global = 1;

# CMS Content Manager Layouts (cmsl_)
INSERT INTO phpbb_acl_roles_data (role_id, auth_option_id, auth_setting) SELECT 4, auth_option_id, 1 FROM phpbb_acl_options WHERE auth_option LIKE 'cmsl_%' AND is_local = 1;

# CMS Content Manager Special Layouts (cmss_)
INSERT INTO phpbb_acl_roles_data (role_id, auth_option_id, auth_setting) SELECT 5, auth_option_id, 1 FROM phpbb_acl_options WHERE auth_option LIKE 'cmss_%' AND is_local = 1;

# CMS Content Manager Blocks (cmsb_)
INSERT INTO phpbb_acl_roles_data (role_id, auth_option_id, auth_setting) SELECT 6, auth_option_id, 1 FROM phpbb_acl_options WHERE auth_option LIKE 'cmsb_%' AND is_local = 1;

# Full Admin (a_)
INSERT INTO phpbb_acl_roles_data (role_id, auth_option_id, auth_setting) SELECT 7, auth_option_id, 1 FROM phpbb_acl_options WHERE auth_option LIKE 'a_%';

# Standard Admin (a_)
INSERT INTO phpbb_acl_roles_data (role_id, auth_option_id, auth_setting) SELECT 8, auth_option_id, 1 FROM phpbb_acl_options WHERE auth_option LIKE 'a_%' AND auth_option NOT IN ('a_modules', 'a_aauth', 'a_roles');

# Full Moderator (m_)
INSERT INTO phpbb_acl_roles_data (role_id, auth_option_id, auth_setting) SELECT 9, auth_option_id, 1 FROM phpbb_acl_options WHERE auth_option LIKE 'm_%';

# Standard Moderator (m_)
INSERT INTO phpbb_acl_roles_data (role_id, auth_option_id, auth_setting) SELECT 10, auth_option_id, 1 FROM phpbb_acl_options WHERE auth_option LIKE 'm_%' AND auth_option NOT IN ('m_topicdelete');

# Simple Moderator (m_)
INSERT INTO phpbb_acl_roles_data (role_id, auth_option_id, auth_setting) SELECT 11, auth_option_id, 1 FROM phpbb_acl_options WHERE auth_option LIKE 'm_%' AND auth_option IN ('m_', 'm_topicdelete');

# All Features (u_)
INSERT INTO phpbb_acl_roles_data (role_id, auth_option_id, auth_setting) SELECT 12, auth_option_id, 1 FROM phpbb_acl_options WHERE auth_option LIKE 'u_%';

# Standard Features (u_)
INSERT INTO phpbb_acl_roles_data (role_id, auth_option_id, auth_setting) SELECT 13, auth_option_id, 1 FROM phpbb_acl_options WHERE auth_option LIKE 'u_%' AND auth_option NOT IN ('u_html');

# Limited Features (u_)
INSERT INTO phpbb_acl_roles_data (role_id, auth_option_id, auth_setting) SELECT 14, auth_option_id, 1 FROM phpbb_acl_options WHERE auth_option LIKE 'u_%' AND auth_option NOT IN ('u_html');

# Full Access (f_)
INSERT INTO phpbb_acl_roles_data (role_id, auth_option_id, auth_setting) SELECT 15, auth_option_id, 1 FROM phpbb_acl_options WHERE auth_option LIKE 'f_%';

# Standard Access (f_)
INSERT INTO phpbb_acl_roles_data (role_id, auth_option_id, auth_setting) SELECT 16, auth_option_id, 1 FROM phpbb_acl_options WHERE auth_option LIKE 'f_%' AND auth_option NOT IN ('f_html');

# No Access (f_)
INSERT INTO phpbb_acl_roles_data (role_id, auth_option_id, auth_setting) SELECT 17, auth_option_id, 0 FROM phpbb_acl_options WHERE auth_option = 'f_';

# Full Access (pl_)
INSERT INTO phpbb_acl_roles_data (role_id, auth_option_id, auth_setting) SELECT 18, auth_option_id, 1 FROM phpbb_acl_options WHERE auth_option LIKE 'pl_%';

# Standard Access (pl_)
INSERT INTO phpbb_acl_roles_data (role_id, auth_option_id, auth_setting) SELECT 19, auth_option_id, 1 FROM phpbb_acl_options WHERE auth_option LIKE 'pl_%' AND auth_option NOT IN ('pl_admin', 'pl_delete');

# No Access (pl_)
INSERT INTO phpbb_acl_roles_data (role_id, auth_option_id, auth_setting) SELECT 20, auth_option_id, 0 FROM phpbb_acl_options WHERE auth_option = 'pl_';

# Permissions

# Admin users - full features
#INSERT INTO phpbb_acl_users (user_id, forum_id, auth_option_id, auth_role_id, auth_setting) SELECT user_id, 0, 0, 1, 0 FROM phpbb_users WHERE user_level = 1;
INSERT INTO phpbb_acl_users (user_id, forum_id, auth_option_id, auth_role_id, auth_setting) SELECT user_id, 0, 0, 7, 0 FROM phpbb_users WHERE user_level = 1;
#INSERT INTO phpbb_acl_users (user_id, forum_id, auth_option_id, auth_role_id, auth_setting) SELECT user_id, 0, 0, 18, 0 FROM phpbb_users WHERE user_level = 1;
## AUTH SYSTEM - END
